Title,Description,Permalink,Post type,People reached,Comments,Likes,Shares,Engagements,Link clicks,Photo views,Other clicks,Total clicks
,"#柔佛 📍也有小马尔代夫‼
Pulau Dayang🏝 看海豚🐬鲸鲨🐋
.
看海不一定要去马尔代夫！😍想要小支旅行却想看高级景色？小编最近发现在本地不用出国，其实也有 #超漂亮的岛屿！就在柔佛的【 #PulauDayang】啦！🏝
.
这里的海水清澈见底🏖，可以媲美沙巴的海边，还有 #小马尔大夫 之称！重点是，还不多人知道，不怕游客人山人海～ 在这里潜水可以遇到各种各样的海洋生物：
🐠神仙鱼
🐟狮子鱼
🐬海豚
🐋鲸鲨
.
⚠️可是由于季候风转变，Pulau Dayang将在每年的12月至隔年2月都会关闭哦。
【Pulau Dayang】
📍Pulau Dayang, Mersing, Johor
.
✏️Credit: #小云小编
记得关注 #大马搵食Kaki #MyEatKaki 获取最新衣食住行咨询！
[感谢赞助商，要玩就要玩最安全的Eclbet   ]",https://www.facebook.com/myeatkaki/posts/pfbid02NFQqEzhGaJC4e6Zi3dLowUTjArS1JAvVBTvXPXUt4h1h93tfgkYytVegFKbpdnM1l,Photo,613583,2037,4366,3208,9611,2,35795,17331,53127
,"#好康kaki
HONOR 90 盛大开卖会🔥
1 Utama📍幸运抽奖高达RM188888‼️
.
HONOR 90 系列终于来马了🇲🇾 以「护眼」为最大亮点的手机系列，肯定让大家好奇实际上看是不是真的会 “不伤眼” ～ 来吧来吧✨ 快到 1 Utama📍的【HONOR】来看看 #庐山真面目‼️
现场除了可以看到最新系列的手机产品、还有一系列的HONOR热销电子产品、最重要的是🔥有买有送，还有大大的折扣❗️另外还有机会可以抽奖得豪礼🤩
.
【 Honor Store 1 Utama 盛大开卖会 】
📅活动日期：2023年7月26-30日
📍活动地点：HONOR 1 Utama
⏰活动时间：每日10:00 am - 10:00 pm
.
到场可以立即可以试用HONOR的任何一样电子产品，像是手机、平板电脑、电子手表等❗️
✅ 超多HONOR 产品&配件， #最低从RM15.90起🔥
✅ 凡 #有买有discount ‼️ 还附送高达R1499的超值礼品🎁
✅ 只要购买产品就有有机会获得RM188888 的幸运抽奖💰
✅ 另外还可享有 #0利息 分期付款💳
.
想要亲眼目睹最新产品👀 那你就不要错过即将来临的 #超值promotion🔥 现场还有专业的人员可以跟你们详细分析与介绍✨好康机会不多，赶快save下日期📅 买起来吧❗️
.
【 Honor Store 1 Utama, Petaling Jaya (HES) 】
📍地点：Lot S332, 2nd Floor
☎️电话：  016 - 2253189 / 03 - 64205477 / 0113 - 9889181
📲Whatsapp： https://wa.me/60162253189
📲Whatsapp： https://wa.me/601139889181

【Access Mobile 】
Facebook：https://www.facebook.com/accessmobilemarketing/
.
✏️credit: #大码小编
记得关注 #大马搵食Kaki #MyEatKaki 获取最新衣食住行咨询！",https://www.facebook.com/myeatkaki/posts/pfbid02nhHaCERFbejwNKLzix1MJTCMfQeDrhpyyGcTxighAYTZ2o6PXKvq7EvK1FU2jfN6l,Photo,613440,24,838,108,970,52,17296,4853,22201
上邮轮这些全免费！ 第二位只需RM1✨,"#邮轮kaki 
上邮轮这些全免费！
第二位只需RM1✨
.
你还以为 #邮轮旅行 是件很OUT的事❓那你就大错特错了🫢
现在的邮轮已经很先进了okay～ 不仅提供丰富多样的活动和娱乐，还有 #各种优惠ALL_IN配套 等着你来挖掘😍
.
只需付1⃣️个价钱，就能ALL IN体验以下设施&美食✨
✅ 免费3间高级自助餐厅➕1个自助小吃Bar台（包括5餐）
✅ 海上甲板泳池🏊‍♀️
✅ 小孩水上乐园🛝
✅ 15种以上游玩设施 & 游戏机任你玩🎮
✅ 爽泡温水Jacuzzi🛀
✅ 海上户外电影院🎬
✅ 超强阵容杂技团Liveshow表演🤹
✅ 爽玩🇸🇬新加坡旅游景点
⚠️配套不包含港口费&税务等费用
⚠️开放报名时期：即日起至7月31号
.
🎉目前我们有 #限时超值双人游 第二位仅需付RM1，就可登上🚢 豪华邮轮——云顶梦号‼️🤩  #位子先到先得～
【Genting Dream Cruise 云顶梦号】
2种邮轮路线 任你选：
👇4天3夜👇
巴生港口 ➡️ 槟城 ➡️ 新加坡🇸🇬 ➡️ 巴生港口
👇5天4夜👇
巴生港口 ➡️ 新加坡🇸🇬 ➡️ High Seas ➡️ 新加坡🇸🇬 ➡️ 巴生港口
.
什么都不用烦🔥 带上行李就可以上船享受所有游玩设施&自助美食啦😍 
下船就可以到其他景点参观玩耍，和另一半/闺蜜一起趴趴走‼️
.
赶紧PM我们拿下限时优惠❗错过了可就没有咯～～😏
.
【Malaysian Harmony Tour & Travel Sdn Bhd】
📱Tel: +60321102331
📱WhatsApp: https://bit.ly/0126223314
.
【Asia Cathay Travel Sdn Bhd】
📱Tel: +60321425566
📱WhatsApp: https://bit.ly/0167763314
.
【 @[100083153839267:2048:Cruise Master]  】
📱FB：https://www.facebook.com/CruiseMasterMalaysia
📱IG：https://www.instagram.com/cruisemastermy
🔗官网网站：http://www.malaysianharmony.com.my/
.
✏️Content Creator: #咩小编
🎤Host:  #咩小编
🎬Editor: Pyco
记得关注 #大马搵食Kaki #MyEatKaki 获取最新衣食住行咨询！",https://www.facebook.com/myeatkaki/posts/pfbid0XQq3SQ8mTJMYGXxGgrz9gHAcscP94kUmY5k93f3MHVcF1EJoLfgc9Wst6FZckQWLl,Video,587307,1324,2643,1704,5671,1751,,26560,28373
,"#金马伦kaki
金马伦📍平价民宿，只需RM25🤩
对面就是pasar malam🎪
🛒点击购买金马伦草莓：https://shope.ee/AK6pdzgHUU
.
在 #金马伦 竟然可以找到 #RM25的住宿⁉️ 小编真心推荐这一区的民宿！😍靠近各大小景点中心，重点是这个民宿就背对着当地最著名的 #金马伦夜市😋，走路几分钟就能到咯！不怕塞车啦～
.
这家民宿房共有3️⃣间房，最多可以放7️⃣张床！很适合一家人/同学聚会！
🛒点击购买金马伦草莓：https://shope.ee/AK6pdzgHUU
.
【Comfy Sofy 21- Backyard Garden- Night Market area】
📍地址：21, Jalan Golden Hill, 15, Cameron Golden Hill, 39000 Tanah Rata, Pahang
🚗走起：https://petalmaps.life/2p9esx46
FB: https://www.facebook.com/Comfy-Sofy-Homestay-at-Cameron-Highlands-2324248097817735
 联络方式： + 6012-933 8046
📸照片取自网络，如侵权请告知。
.
✏️Credit: #小云小编
记得关注 #大马搵食Kaki #MyEatKaki 获取最新衣食住行咨询！",https://www.facebook.com/myeatkaki/posts/pfbid02wZEEEkZYfS9wEmM5nku368odFQNVectgkcvnaexNX3HinrCzE6BYE5X8vUMuZsSZl,Photo,463649,1175,3758,2597,7530,605,36316,14499,51420
,"#资讯kaki 
📍Waze这样设定！🔥
🚫避免被带去油棕芭！
.
⚠️⚠️⚠️每次都被WAZE带去 #偏僻小路⁉️哎呀～记得关掉Unpaved roads的选项就不必担心啦！🤩
😣经常看到新闻报道说被Waze带去荷兰，每次出远门都在纠结应该用 #Waze 还是google map，为了避免大家 #被导航带去偏僻小路🛣️，小编这里就帮大家准备了懒人包！
.
如果你不想要被导航带去荷兰，就跟着小图步骤做Setting啦～3️⃣秒搞定！
.
✏️Credit: #小云小编
记得关注 #大马搵食Kaki #MyEatKaki 获取最新衣食住行咨询！
[感谢赞助商，要玩就要玩最安全的 @𝐄𝐂𝐋𝐁𝐄𝐓 ]",https://www.facebook.com/myeatkaki/posts/pfbid0GEV9DTaQ2QPNsW5hdSBjSJgxfsbM3ELuxYHqMJHMkAYs6LgAHe7HwWnAweBEd9zFl,Photo,461732,286,1211,2435,3932,1,39152,8630,47783
,"#搬家仪式kaki
大马15个搬家禁忌❗
跟着传统习俗 赶走搬家霉运💪🏻
.
搬家的时候都会有一些必备的仪式，一代传一代的仪式可能慢慢变得没那么完全了😖那就跟着小编整理的这些 #搬家前和当天必须做的仪式 吧！
.
希望能帮到要搬新家的你，之后要搬家也可以 #提前先看做准备~
.
✏️Credit By：#蔡蔡小编
记得关注 #大马搵食Kaki #MyEatKaki 获取最新衣食住行咨询！",https://www.facebook.com/myeatkaki/posts/pfbid02AdUZxLE3cBSikXvNb22yJfeM7gKDbFzwPMN8VKC6U1nHGKN2Kw7b4a8dDeECNSL2l,Photo,418858,435,2164,3155,5754,3,44011,8825,52839
,"#打卡kaki
丰盛港📍 最新秘密打卡点🛤
无敌海景🌅+蜿蜒山路📸
.
丰盛港神秘 #海边打卡景点～🌅无敌海景+蜿蜒山路，而且还是免费的！在山顶眺望辽阔的大海，还有疗愈的夕阳，超适合 #情侣约会打卡的！📸
.
丰盛港近来在📕小红书爆红的“沿海公路”，地点就在【Pantai Pasir Lanun】附近！
马上mark起来，带另一半约会去咯～
.
【Pantai Pasir Lanun】
📍地点：Jalan Penyabong-Endau, Kampung Penyabong Pantai, 86900 Endau, Johor
🚗走起：https://petalmaps.life/32sb2pr2
*图片源自网络，如有侵权敬请告知
.
✏️Credit: #小云小编
记得关注 #大马搵食Kaki #MyEatKaki 获取最新衣食住行咨询！",https://www.facebook.com/myeatkaki/posts/pfbid02DrfLeUCezSF6iRABfPtGBcaVuZMX9XV6BGXxjTyaVWRuL5nXp2D3w7Fcmn9VvR3Kl,Photo,345280,790,2195,1337,4322,405,23262,7430,31097
,"Sekinchan📍第一家水上乐园！🎡
RM25🔥 玩水+ATV+电单车
.
如果经常有到🌾 #适耕庄旅游 的Kaki，每次要去 #热浪沙滩 一定会经过一家正在装修的乐园吧❓
Sekinchan📍  #第一个儿童水上乐园 现在已经开放啦～
.
🎫#入门票仅需RM25 就能体验多种娱乐设施——🔥【Msekin Wonderland】🔥，除了水上乐园，还提供刺激的ATV和电单车活动。
.
😍考虑带着孩子来适耕庄，留下美好的回忆吧！
【Msekin Wonderland】
📍No 358, Jalan Pantai Redang, Bagan Sekinchan, 45400 Sekinchan, Selangor, Malaysia
🚗走起：https://petalmaps.life/yckne86c
.
✏️Credit: #小云小编
记得关注 #大马搵食Kaki #MyEatKaki 获取最新衣食住行咨询！
[感谢赞助商，要玩就要玩最安全的 Eclbet   ]",https://www.facebook.com/myeatkaki/posts/pfbid0tpL5AKxjADy2LySX7wJYmTnVSUowjKyfUfjUq25QhYEoqpcaZaEGieoAuL4u8p2Bl,Photo,297817,965,1743,1515,4223,286,23667,6567,30520
,"#资讯kaki
TNB不肯告诉你的秘密‼
节省50%电费的方法！😍
.
最近很多消息都说 #电费起了？家里电费无端端变贵了❓收到电费单时都吓了一跳 ，明明已经省着用了，为什么还是这么贵？那就要记得检查家里的电费是按照什么方式计算啦～如果是商用（Perdagangan）就会偏贵了！
.
小编这里帮大家整理了【 #超简单的省电方式】
跟着【11个步骤】做，电费立刻省一半！😁
.
⚠️整个转换程序会收费RM10 ,再等2-3天左右就能成功转换了！
接下来的电费就可以节省50%啦～
.
✏️Credit: #小云小编
记得关注 #大马搵食Kaki #MyEatKaki 获取最新衣食住行咨询！
[感谢赞助商，要玩就要玩最安全的 Eclbet  ]",https://www.facebook.com/myeatkaki/posts/pfbid02W12ep9JJqBdQKUdKHB6LCyNiqAsELeFkGM783cnxwB5Axi6tKY6MwKNSRChJbiK6l,Photo,263817,171,826,1929,2926,1,31166,9696,40863
,"#资讯kaki 
💰目前的薪水真的够你花❓
EPF帮你算生活花销❕
.
KWSP默默的帮我们计算了2022-2023年间，每个人生阶段预计会 #需要的开销！💰你觉得你目前的薪水真的够花吗？😭
.
看了这个报告，小编真想把报告拿给老板看，看看老板会不会良心发现，少少🤏起一点薪水咧？哈哈哈！😂
.
✏️Credit: #小云小编
💾资料来源：KWSP BELANJAWANKU 2022/2023
记得关注 #大马搵食Kaki #MyEatKaki 获取最新衣食住行咨询！
[感谢赞助商，要玩就要玩最安全的 @𝐄𝐂𝐋𝐁𝐄𝐓  ]",https://www.facebook.com/myeatkaki/posts/pfbid02D2HKVvVbZkkTDzy5Mz1q7L7yWfBLcQXW2jsMS5cmZDFoqrCzjRq4FA1XPub3f74Jl,Photo,257250,259,962,979,2200,6,42797,13628,56431
,"#嘉年华kaki 
大马最盛大日本夏季祭典🇯🇵
7月15-16日📅LaLaport Bon Odori吃喝跳起来🌸
.
纳尼‼️ 吉隆坡也有日本Bon Odori 盆舞节了？😍🎌
这个周末一起到📍LaLaport BBCC探索日本文化吧！🎏
.
活动看点✨✨✨：
🍙 日本街头美食及甜点
👘 浴衣体验
🪩 日本音乐会及现场DJ表演
🎯 趣味日本游戏
🍿 免费领取棉花糖和爆米花
⚔️ 武士少女剑舞表演
🥁 和太鼓表演
.
当天甚至还有独家优惠及促销活动🔥 其中包括免费Kirin啤酒、RM5现金券等等！
📷打卡小帖士：想要趁Bon Odori出大片的，记得精心打扮并趁着黄昏时分 🌅 拍照留影，定能拍出满满氛围感的作品😍
.
【 2023年盆舞节 Bon Odori 】
📍活动地点：Central Rooftop Garden, Level 4, LaLaport BBCC
📅活动日期：2023年7月15日和16日
⏰活动时间：下午4点至晚上10点
🎫活动门票： #入场免费❗️
.
【 LaLaport BBCC 】
📱Facebook：https://www.facebook.com/lalaport.bbcc
📱Instagram：https://www.instagram.com/lalaport_bbcc/
🔗更多资讯：https://shorturl.at/kuyKY
.
照片来源：取自网络//如有冒犯请PM小编
✏️Credit By：#大码小编
记得关注 #大马搵食Kaki #MyEatKaki 获取最新衣食住行咨询！",https://www.facebook.com/myeatkaki/posts/pfbid0RX11ppB5pHMVjXAEGZFXpKNsdcCiNTsiThfzCbnJQzHmM5NU15DYyzB3ctijHG2pl,Photo,247644,790,1763,812,3365,301,26079,18862,45242
全SS2最便宜 炸鸡椰浆饭,"#揾食kaki 
全SS2最便宜
炸鸡椰浆饭
.
宵夜就是夜猫子最大的动力💪如果你还在搜索SS2半夜可以吃什么，哎呀不用了啦！在找下去就饿肚子了！介绍你这家很好认的【 Wonderful Mondays 】，里面居然还有超多食物可以选择🤤
.
除了有他们爆红的 #午餐肉系列 美食😋 现在只要在早餐和宵夜时段到店购买，就可以享有 RM7.90 吃到一餐的优惠😍 
✅Rempah炸鸡椰浆饭、✅ 叁巴Sotong椰浆饭 & ✅斋肉叉烧拌拉面 ❗️
另外还有多种饮料🥤和自煮糖水🥣可以加点！还有不可错过他们外酥内软的炸鸡🍗小吃，1对也才RM7.90🔥
.
这间店早上7:45am就开始营业！每逢星期一到六都会开到半夜1am，就是为了可以准备热腾腾的食物给夜猫子们啊～
宵夜可以吃到这么多东西，真的超划算😍不再让自己半夜饿肚子啦，jio起来！吃起来！
.
【 Wonderful Mondays 】
📍32, Jalan SS2/66, 47300 Petaling Jaya, Selangor
🕕早餐时段：7.45am - 11am（每天）
🕕正餐时段：11am-9:30pm（每天）
🕕宵夜时段：9.30pm - 1am（星期一到星期六）
📱012-345 4799
.
Facebook:https://www.facebook.com/WonderfulMondays
Instagram: https://www.instagram.com/wonderfulmondays/
.
✏️Content Creator： #大码小编
🎤Host： #大码小编
📹 Videographer：Xin Tong
🎬Editor：Xin Tong
记得关注 #大马搵食Kaki #MyEatKaki 获取最新衣食住行咨询！",https://www.facebook.com/myeatkaki/posts/pfbid02tSvWfP8jmRf4cw48583FHN3xnBo1rkQ4dEKjYw4KEczYEuiJrU5t8kpTTSVPQcy6l,Video,246285,183,2123,930,3236,441,,29469,44909
,"全新 #iPhone15 系列参考书！
据说9月开卖，你觉得值得吗？
.
⚠️资料仅供参考，详情请浏览apple官网为准。
🛒点击购买Apple产品: https://shope.ee/8UfBSMpnyj
.
✏️Credit: #小云小编
记得关注 #大马搵食Kaki #MyEatKaki 获取最新衣食住行咨询！
[感谢赞助商，要玩就要玩最安全的  Eclbet  ]",https://www.facebook.com/myeatkaki/posts/pfbid02dA2auWvzUc1ydo1BRUwr52m73pigx94RiTHXf88CUtWcA9FxRPvUXjBPdfGK6xB8l,Photo,244567,498,842,537,1877,25,36539,10878,47442
KL全景hotel 8小时只需RM80!,"#揾住kaki
KL全景hotel
8小时只需RM80!
.
每次经过📍KL茨场街 看到一座“红红”的Building是不是很好奇叻👀 它就是 #全马首家 新中式Yu Hotel✨酒店的位置就在 #KL市中心，不仅✅地点美、✅交通方便 ✅价格也便宜‼️
.
#房型有5种， 像Standard Single、Standard Twin、Standard Queen、Superior Twin 和 Superior King👍 小编发现到 #房间大小是一样的，只是多了一套床而已🤔 但 #整体空间算很大，住2-3个人完全不是问题～～
特别适合👉情侣或好朋友到KL旅游/Staycation⛱️
.
#房间设备齐全 几乎该有的都有，像热水器、吹风筒、电视机、咖啡、耳塞等等！最特别的是这里还 #配有中国茶大红袍🍵 就连器皿台灯都很中式“青花瓷”Feel💨💨💨
.
小编能有 #便宜价格 预定到Yu Hotel，全靠FLOW APP啦‼️因为它可以：
✨选择多，从经济型到豪华型酒店都能Book到
✨按小时Book酒店，不管是2小时、4小时或8小时都可以
✨立即Check in酒店，超方便
✨支持各种安全线上支付
✨每月超值促销
.
📣📣📣#限时优惠Promo Code📣📣📣
现在只需要 #下载Flow_APP ➕注册账号，输入「MYKAKI」就可以 #领取RM12折扣卷 啦～😍
.
FB: http://www.facebook.com/flowinmsia
IG: https://www.instagram.com/flow_msia/
Website：https://app.flowtheroom.com/my/en
.
【 Yu Hotel Chinatown 】
📍126, Jalan Petaling, City Centre, 50000 Kuala Lumpur, Wilayah Persekutuan Kuala Lumpur
.
✏️Content Creator: #咩小编
🎤Host: Jofia
🎬Videographer：#咩小编
🎬Editor: Amy
记得关注 #大马搵食Kaki #MyEatKaki 获取最新衣食住行咨询！",https://www.facebook.com/myeatkaki/posts/pfbid031LQxxjxKjvRthdaLfmRER87TjEaf3XbEeHxa2tn1gxrHSHCbDV52NT58QyaVnmNil,Video,229611,57,1116,595,1768,146,,11322,14320
柔佛人都懂的🍗炸鸡快餐店回来了🔥,"#揾食kaki 
柔佛人都懂的🍗炸鸡快餐店回来了🔥
.
还记得小时候爸爸妈妈带你去吃第一口 #炸鸡 的幸福感吗🥰
想吃炸鸡其实除了KFC，在大马其实还有一家 #本地炸鸡快餐店【喜爱鸡 Chicken Delight 】，7/80‘s的人肯定都懂❗️
.
想要带你爸妈甚至阿公阿嬷去回味的话，不用再去Johor了～ 他们现在就在📍Setia Alam开店啦🔥 除了可以吃到 #经典炸鸡，更是还有很多 #南洋风味的美食，像是nasi lemak、mee siam、炒粿条、面汤、西餐类等多种选择👍
.
重点是⚠️ 炸鸡的口感完全没变，还是那个童年味～ 还可以搭配套餐系列，还有丰富多样的的配料组成，适合大大小小家庭的 #美食首选✨
.
【 Chicken Delight Setia Alam 】
📍 20-1-1 Jalan Setia Prima B U13/B 40170 Shah Alam, Selangor, Malaysia
🕕 11am - 9:30pm
📱 03-3358 9938
.
Facebook: https://www.facebook.com/ChickenDelightSetiaAlam?mibextid=LQQJ4d
.
✏️Content Creator： #大码小编
🎤Host： #大码小编
📹 Videographer：Xin Tong
🎬Editor：Amy
记得关注 #大马搵食Kaki #MyEatKaki 获取最新衣食住行咨询！",https://www.facebook.com/myeatkaki/posts/pfbid02WxckfJTbNhVuUdsSLHSjLtZAdy3GEmyzJoVWqFC9pUBpV2pRcrNE2qYbc2zbyVxHl,Video,221512,144,1301,490,1935,170,,17721,24915
,"【 Restoran May Shaw 】
📍24, Jalan Tpp 1/14, Taman Perindustrian Puchong 47100 Puchong Selangor
🕕 7am - 2pm（Sunday Closed）
📱018-201 7479
.
记得关注 #大马搵食Kaki #MyEatKaki 获取最新衣食住行咨询！
[感谢赞助商，要玩就要玩最安全的 @𝐄𝐂𝐋𝐁𝐄𝐓 ]",https://www.facebook.com/reel/185396497866132/,FB reel,221402,322,2595,1355,4272,,,,
,"💳Citibank信用卡用户 ⚠️注意‼
📆7月16日开始转去UOB
.
#Citibank信用卡 用户要留意啦！从明天起（📆7月16日），所有Citibank业务包括信用卡将会 #迁移至UOB 哦～😯
.
⚠️⚠️⚠️近期内用户们应该会收到email通知的，记得要细读里面的详细资讯啦～看看用户福利是否有变化！
.
✏️Credit: #小云小编
记得关注 #大马搵食Kaki #MyEatKaki 获取最新衣食住行咨询！",https://www.facebook.com/myeatkaki/posts/pfbid0E51Boq2TAgHsso8gPTHMbCnPc3jkppxgPG4gxpK5WBokk7xfQTnBeEXcDeLJJCK4l,Photo,215740,115,418,689,1222,1,27319,7790,35110
,"#泰国kaki
Cheras📍最长泰国市集来啦‼️
📆7月6 - 16日｜BMC Mall cheras
正宗泰国小吃➕文化➕游戏
.
最长泰国市集🤩终于来到📍Bandar Mahkota Cheras 的 BMC Mall啦～Cheras的kaki们不用羡慕其他人了！🎉🎉🎉喜欢吃泰国餐的kaki，千万不能错过整整10天的 #泰国美食文化市集 — ✨[Unique Thai Food Tourz]！✨
.
现场的美食简直是Copy & Paste泰国街边摊位！相适度100%❗️有🦪生腌、奶茶🧋、烤肉🥓、Mango Sticky Rice🥭、棉花糖🍡、雪山飞狐、跳跳虾🍤、汤面🍜、炸蚕蛹&炸蟋蟀🦗等，就连炸青蛙🐸都有！#泰国最火的街边小吃 应该都搬来这里了🤩🤩～
.
当天晚上⏰7pm - 10pm还会有精彩的 Thai Live Band🎵、Laos dance 老挝传统舞蹈💃、Baesix 美女舞团的Kpop Dance💃～不懂会不会又猛男咧⁉️😳
去什么泰国啦～在Cheras吃到饱❗️赶紧收藏起来吧！
.
小朋友也有很多互动游戏可以体验❕
✅画沙画
✅捞小鱼🐟
✅Super Mario Soopa Doopa
.
【Unique Thaifood Tourz】
📆活动日期：7月6日-16日
📍地点：BMC Mall, Cheras
 ⏰营业时间：12pm-11pm
.
✏️Credit: #小云小编
记得关注 #大马搵食Kaki #MyEatKaki 获取最新衣食住行咨询！",https://www.facebook.com/myeatkaki/posts/pfbid0HM2eTEdCh7jjXPF3ETykcn6z6QgESqLaHebnXFgRAriPjEB9shhrAXtdzYSoLEPSl,Photo,213970,1371,2267,1337,4975,16,27376,18635,46027
,"#追剧kaki
医生&消防员最危险的爱情⚠️
杨洋上演城市守护者💥成最火看点🔥
.
📺剧集讲述消防站长宋焰（杨洋饰）和急诊科医生许沁（王楚然饰）分别在十年之后重逢！由于工作性质的原因，宋焰和许沁渐渐有了交集。宋焰带领十里台的消防员们为维护人民群众生命财产安全而英勇奋斗，经历了无数次血与火的生死考验后仍不改初心。他的坚持感染着许沁，困扰他们多年的心结也渐渐被解开。两人克服家庭阻力，最终重新走到一起，互相鼓励，共同进步，用各自的专长守护着这座美丽的城市。
👉🏻立即观看《我的人间烟火》: https://s.iq.com/nfatl 
👉🏻下载iQIYI马来西亚APP: https://s.iq.com/rsgol
.
#好康时间📣📣📣 爱奇艺马来西亚正在进行VIP促销，优惠高达40%🔥 新会员购买VIP年卡一天只需RM0.20❗️
现在不买还等几时🕕升级成为VIP会员就可以有更多的独家畅享&福利🎁：
✅跳过广告
✅独家内容 & 专享活动：粉丝见面会、独家精美周边等
✅抢先看最新集数
✅Dolby Atmos 杜比全景声音效
✅高清播放（高达4K超高清画质）
.
📱浏览官方网站：https://www.iq.com/ 
📱Follow FB：https://www.facebook.com/iqiyimalaysia
📱Follow IG：https://www.instagram.com/iqiyimalaysia/
.
✏️Credit By: #大码小编
记得关注 #大马搵食Kaki #MyEatKaki 获取最新衣食住行咨询！",https://www.facebook.com/myeatkaki/posts/pfbid0ykTe7KNFV8hdY6rEeZU7h6uzQXh9PBJMnNDoXw7vajU6JLvVQBLJamdm8KGUvuv8l,Photo,211656,73,891,286,1250,97,26155,4573,30825
,"#揾玩kaki
📍Pulau Pangkor #全岛唯一 
最大 #水上度假村🌊
.
 #Pangkor 竟然有一个那么浪漫的地方！全岛唯一的水上度假村，里面还有多种SPA按摩选择，中式、巫式、印式，还是天然的 #日式温泉Spa💆‍，工作人员还能准备花瓣泡泡澡给你🌸
.
【 Pangkor Laut Resort  】
📍地址：Lumut, Perak, 32200 Pangkor
📲Facebook：https://www.facebook.com/pangkorlautresort
.
✏️credit: #小云小编
记得关注 #大马搵食Kaki #MyEatKaki 获取最新衣食住行咨询！",https://www.facebook.com/myeatkaki/posts/pfbid0Ef5TF4W8pdESb8HkUu3FcJB3eFJJUhQq3dXqGKz4cZin9ADvdiVFoykJPEeku2yDl,Photo,207353,531,1457,846,2834,1,15077,5805,20881
日式拉面➕盖饭🇯🇵口味任你选‼️,"#揾食kaki 
日式拉面➕盖饭🇯🇵口味任你选‼️
.
原来日本餐厅还可以有这样的搭配？！【 Tokyo Ramen Cafe 】的Mix and Match 可以同时吃拉面➕盖饭❗️而且还有8种不同的食物口味可以搭配😍别看只是半碗+半碗，其实超级大份，而且只需要RM20++‼️
.
最大的特色是拉面的汤底竟然可以做混合的搭配❗️他们的猪骨汤底是要熬煮48小时🔥然后再加上4⃣️种不同自己打的paste（⚫️黑 - 黑蒜米、🔴红 - Spicy、⚪️白 - 猪油、🟢青 - 擂茶）口味，如果想要再mix黑➕红 or 红➕青，只要=RM2就可以随时配合你喜欢的口味去做要调整👍
.
另外日式盖饭不可错过的还有他们自己自己腌制瘦肉Chasu和三层肉Yaki Buta，入口即化又超级下饭！想要同时吃饭又想要吃面，还可以选择日式小吃、sushi、烤串等，就可以来这里大吃特吃一轮咯🤩
.
【 Tokyo Ramen Cafe 】
📍11 ,2 Rio Xchange Persiaran RIO Bandar Puteri 47100 Puchong Selangor
🕕11.30-10pm
📱010-205 8743
.
Facebook: https://www.facebook.com/tokyoramencafe
Instagram：https://www.instagram.com/tokyoramencafe/?fbclid=IwAR01yad_2KvQ_6IM2sJrm1wkU6ejuihvHQ5Qz5HGI_KpVKbM4OOYZZYiZjE
.
✏️Content Creator： #大码小编
🎤Host： Jofia
📹 Videographer：Xin Tong
🎬Editor：Amy
记得关注 #大马搵食Kaki #MyEatKaki 获取最新衣食住行咨询！",https://www.facebook.com/myeatkaki/posts/pfbid0pHMMNJZReJP4ag5DbfrsBXdArZ8oDM158EGaJJVvkaD2nAs9Crk4Vc37xXmLdUGpl,Video,202638,237,1252,776,2265,295,,21172,28212
,"【 洪记糖水 】
📍Hong kee Dessert, Jalan 17/27, Seksyen 17, 46400 Petaling Jaya, Selangor
🕕 4pm - 10pm（星期一至三休息）
.
记得关注 #大马搵食Kaki #MyEatKaki 获取最新衣食住行咨询！
[感谢赞助商，要玩就要玩最安全的 @𝐄𝐂𝐋𝐁𝐄𝐓 ]",https://www.facebook.com/reel/1039127753740582/,FB reel,200191,240,2462,1180,3882,,,,
,"#揾玩kaki
Terengganu📍 碧湖仙境度假村🏝
瀑布+露营+3餐 RM100+✨
.
最近天气太闷热☀️，小编一直在找可以 #乘凉度假的好地方，终于找到一个比较少游客知道的地点啦！就在Terengganu的✨【Lata Kolam Air Deru Ecopark】✨！
.
这里的 #山水清澈见底，而且是 #碧蓝色 的！😍瀑布景色也特别梦幻！这里有提供露营帐篷和Chalet，一晚才RM100+还包三餐‼晚上还可以在小溪旁搭桌椅BBQ！
.
这里白天的活动也很多，还可以玩ATV🚜、飞狐绳降、射箭🏹、山地自行车🚴‍♀️等等！超适合团建的！
.
【Lata Kolam Air Deru Ecopark】
📍地址：5048B, JALAN AIR PANAS LA, KAMPUNG LA, 22010 Jerteh, Terengganu
🚗走起：https://petalmaps.life/h47h2aeb
.
✏️Credit: #小云小编
记得关注 #大马搵食Kaki #MyEatKaki 获取最新衣食住行咨询！
[感谢赞助商，要玩就要玩最安全的 @eclbet   ]",https://www.facebook.com/myeatkaki/posts/pfbid02qHZQw6w92qjk2QeU5xoHFbSgDEJfBBYWmxfhmjab9yhD3CgVR3CAh8Pgdvscd7Lml,Photo,199765,357,959,629,1945,187,9507,2654,12348
,"#旅游kaki 
下半年超大型 #MITM旅游展 
28-30/7📆 Mid Valley Exhibition Centre
最划算的各国旅游配套✨在这找🔥

正在规划下半年旅游的你，来咯～ #超大型旅游【MITM TRAVEL FAIR】要开跑啦✨️
📆7月28日至30日，就在Mid Valley Exhibition Centre重磅回归💪全场最低价、最划算、最优惠的旅游配套‼ ️就在这里找🔥
.
在这里可以一次过逛完各个国家🌍包括国内的槟城、沙巴，再到国外的菲律宾、日本、韩国、台湾和泰国等❗️直接现场货比三家，买到 #最经济实惠的配套，太方便了✌️！ 
旅游展现场将推出：
🌏 国内外超值旅游优惠配套
🎫 特价机票
⛴️ 邮轮
🏰 酒店住宿
⛩️ 热门景点门票
👉 还有更多‼ ️
.
这次旅游展更有 #超过300多家参展单位 阵容强劲🔥还有专业团队会在场，1对1为你推荐最合适你的旅行配套✈️
┏━━━━━━━━━━━━━━━━━━━━┓
【 <MITM TRAVEL FAIR >马来西亚国际旅游展 】
📅2023年7月28日至30日（星期五-日）
⏰10am – 9pm 
📍 Mid Valley Exhibition Centre
🎫 #入场免费
┗━━━━━━━━━━━━━━━━━━━━┛
.
凡是到现场消费的kaki，都有机会赢取总值高达RM250,000的奖品🎁！
逛一个地方，买ALL IN的配套🔥 直接省时省事又省力😌带上朋友、家人或另一半都没问题！
.
【  <MITM TRAVEL FAIR >马来西亚国际旅游展 】
Facebook：https://www.facebook.com/mitmtravelfair/
Website：http://www.mitmtravelfair.com
.
✏️credit: #大码小编",https://www.facebook.com/myeatkaki/posts/pfbid02LeFmi7uWg52qAx9mKJGHKnKez95k9caPRdmMMWY15MVWCBmYVaxdmvRELL8ubcdBl,Photo,198629,6,85,15,106,14,2017,785,2814
,"#揾食kaki 
云顶半山📍营业24hr大排档🔥
吹冷风喝热汤！多种热食饮料选择😍
.
很常去 #云顶吹风 的kaki肯定不会不知道就在📍半山的【 @66 Corner, Gohtong Jaya, Genting Highlands, Pahang 】这家营业24小时的大排档🔥云顶山上吃东西太贵，来半山半夜都能 #填饱肚子的好地方🤩
.
店内的热食选择多到，带一大群朋友来都吃不完的美食😂
✅必点的招牌 #虾面🦐
✅喝了暖胃又上头的 #辣汤啦啦 & #辣汤啦啦米
✅烧腊饭
✅干捞面
✅猪肠粉
✅点心
✅小吃类
✅每天熬煮的糖水 - 薏米腐竹、红豆沙、雪耳莲子等！
.
另外还有超多串串选择的loklok小档口，可以自己烫清汤/tomyum汤or给他们炸！热腾腾的串串不要忘了还可以拿来沾上他们准备的3种不同酱料（甜酱/辣酱/satay酱）！真的是太美味了🤤
别再说云顶没东西吃啦，原来半山藏了这么好料，你真的不能不知道🚗🔥
.
【 Kedai Makanan 66 Lok Lok Corner Restaurant 】
📍 46, Jalan Jati 1, Taman Gohtong Jaya, 69000 Genting Highlands, Pahang
🕕 24 小时 不打烊
.
Facebook: https://www.facebook.com/profile.php?id=100029337716893
Instagram: https://www.instagram.com/explore/tags/66cornergohtongjaya/?hl=en
.
✏️Credit: #大码小编
📷Photo: Xin Tong
记得关注 #大马搵食Kaki #MyEatKaki 获取最新衣食住行咨询！",https://www.facebook.com/myeatkaki/posts/pfbid029FyHGnn7kYaQiyzfZVZucWVkUS63ozCEFBVVuvbxVhiqvpq9ShKdyhZSvzaC3jPBl,Photo,191677,148,1423,318,1889,45,19504,12518,32067
,"#揾玩kaki
金宝📍 RM50平价度假村！
骑马➕极限挑战➕射箭
.
#Kampar 终于有新景点啦～ 😍如果这个星期有打算北上，又不想去塞车人多的地方？小编推荐你去金宝2️⃣日游啦～
.
金宝除了是 #美食天堂，如今又多了个新景点——✨【Embun Resort Lake Sahom度假村】✨，仅需RM50就能享受独特体验！这里除了有超大泳池外，还有超多户外活动：
✅骑马
✅钓鱼
✅骑脚踏车穿梭在山间小道
✅射箭
✅寻宝
✅极具挑战性
.
超适合一大班朋友，或家人一起来度假啦～
【Embun Resort Lake Sahom】
📍地址：31850 Kampung Sahom, 31850 Kampar, Perak
🚗走起：https://petalmaps.life/2p88cwka
.
✏️Credit: #小云小编
记得关注 #大马搵食Kaki #MyEatKaki 获取最新衣食住行咨询！
[感谢赞助商，要玩就要玩最安全的 Eclbet   ]",https://www.facebook.com/myeatkaki/posts/pfbid0tu2RBomwEkfNjLbd4ohW3n9eoYTmuGoWvchrT7Ld5G11KvXFYV8Y5B84Aad2f5Spl,Photo,190026,385,1064,766,2215,294,12675,3292,16261
安邦超值中国菜🇨🇳 3人吃不到RM100🔥,"#揾食kaki 
安邦超值中国菜🇨🇳
3人吃不到RM100🔥
.
平常跟朋友出去叫菜叫饭吃，是不是一个人至少要出RM50-60😩吃到也不过瘾～
来来来～不要说没有介绍你好康🤩
这次挖到一家在Ampang📍Pandan Indah的 #中国餐馆🇨🇳【 聚福园火锅Ju Fu Yuan Steamboat 】，3个人叫4样菜，竟然才不到RM100‼️
.
这家餐厅有多样的中国菜色可以选择，不管是凉拌类、肉类主食、麻辣、酸菜土豆丝等，等分量都超足👍 而且味道也超道地，让人想要不停的一口接一口！实在是太下饭了🍚
.
另外这里还提供了 #东北火锅🍲！喜欢吃锅的kaki，可以来这里大快朵颐了啦🤤 
这么划又便宜的餐馆，当然就是叫越多人来吃才划算啦🤤 都call出来吃饭咯～
.
【 聚福园火锅Ju Fu Yuan Steamboat 】
📍32, Jalan Pandan Indah 4/6a, Pandan Indah 55100 Malaysia，Ampang，Selangor
🕕14:00 - 22:00
📱018-210 3339
Facebook: https://www.facebook.com/jufuyuansteamboat
.
✏️Content Creator： #大码小编
🎤Host： #大码小编
📹 Videographer：Xin Tong
🎬Editor：Xin Tong
记得关注 #大马搵食Kaki #MyEatKaki 获取最新衣食住行咨询！",https://www.facebook.com/myeatkaki/posts/pfbid0Y9kNt3kCJVW4KTpZPJXxB7dbCv8p2oCwCxq6MadpJ2rMzoESoXJ4gGquTheQzzZDl,Video,188131,118,815,403,1336,52,,9843,15145
,"#揾食kaki
Cheras📍要预约🔥 才吃到 ❗️
住家海鲜烧烤🦞比你头还大❗️
.
每次来到Cheras吃海鲜烧烤，你们一定要想起 #老爸子！😍
海鲜的size真的没有跟你开玩笑咯！
·
新menu #椒盐烤sotong🦑竟然跟叮小编的上半身一样长，这个煮法不失sotong本身的鲜味，而且超有嚼劲👅 #牛油烤特大深海野生虾🦐竟然比手掌还要大！你能想象一咬下去肉的时候有多鲜嫩吗，想到都流口水…🤤 
.
#奶油汁肉蟹🦀️Size大也是肉眼可见的！里面的肉也很丰满，搭配自家的奶油汁吃下去omg真的超满足🔥还有 #大鲜蛤 siham跟手掌一样大，搭配它们家的酸辣酱吃下去根本就是绝美搭配！🥹
·
喜欢喝汤的kaki必点这个 #上汤海鲜煲🫕 里面🈶️大头虾、明虾、sotong、啦啦、斑鱼片✨汤底非常清，可是又喝得出超浓的鲜味！🤩这里还可以叫菜吃饭哦～ 很推荐他们家 #虾米香辣烤鸡肉鱼🐟 鱼肉很紧实，而且搭配铺满在鱼上面的辣椒🌶️超级好下饭！
·
分量其实蛮大的，多人来吃更划算，也才可以吃到更多种类的海鲜哦～
记得提前WhatsApp信息message了才过来吃😘
🔗 http://wa.link/oh9t1i
 .
 【老爸子海鲜烧烤】
 📍32, Jalan Mutiara Barat 5, Taman Mutiara Barat, 56000 Kuala Lumpur, Wilayah Persekutuan Kuala Lumpur
 🕕 5pm-10pm (Thursday Closed)
 📱0102861613
 .
 ✏️credit: Xin Tong
 📷Photo: Xin Tong
 记得关注 #大马搵食Kaki #MyEatKaki 获取最新衣食住行咨询！",https://www.facebook.com/myeatkaki/posts/pfbid0fo2pFSaJiWdr8LztpQenEZkRqdoqQoQBGkMBJbMeLYYi5U8acRAzdNAzJLVQekURl,Photo,179733,158,1146,428,1732,893,19059,13363,32912
,"#饮料Kaki 
CHAGEE📍新推香水柠檬茶系列🥤
沉饮柠静🍋喝上一杯让你享受宁静～
.
香水柠檬🍋本来就是一个超级解渴又富有维生素的水果，但如果配上不同款的茶类，会擦出什么样的火花呢💥
超人气的茶饮店【 CHAGEE MY 霸王茶姬  】这次首次推出✨3款 #香水柠檬系列的茶饮，将会使用不同的茶低去做搭配，除了可以喝到茶香味后劲还带出香水柠檬的酸甜清香~️ 喝上一口仿佛让人得到了一阵的宁静～
.
[ #香水柠檬茶系列 Sip into Serenity ]
🥤『Da Hong Pao Perfume Lemon Tea 大红袍柠檬茶』
🥤『Jasmine Perfume Lemon Tea 茉莉雪芽柠檬茶』
🥤『Camellia Oolong Perfume Lemon Tea 山茶乌龙柠檬茶』
这3⃣️款饮料可是使用了高品质的茶叶➕香水柠檬，混搭成 #舒适口感 的结合‼️
.
限时 #Lazada优惠活动🔥可以这样便宜买到新饮品😍：
👉即日起都可以到Lazada购买到「 #买一送一 」or「 #一杯只要RM9.90 」的优惠卷❗️
🔗Lazada链接：https://s.lazada.com.my/s.gCbsl
⚠️到店兑卷时需使用 CHAGEE mini program link： 
https://miniprogram.chagee.com.my/miniprogram/app/login?ref=MEDIA-M0005
.
这3款饮料绝对适合带去朋友聚会、去海边🌊、露营⛺️，甚至是运动暴汗后，或是工作烦躁都得叫上一杯😍不但能给你一阵平静舒爽的口感，还可以顺便补充Vitamin C👍
即日起在各大门市都可以叫上一杯🔥走咯～让自己沉饮柠静～calm down下来吧～
.
【 CHAGEE MY 霸王茶姬 】
📌全马分行：https://chagee.com.my/store-locator/
Facebook: https://www.facebook.com/my.chagee
Instagram: https://www.instagram.com/my.chagee/
.
✏️Credit: #大码小编
📷Photo: #咩小编 & Xin Tong
记得关注 #大马搵食Kaki #MyEatKaki 获取最新衣食住行咨询！

#CHAGEE #CHAGEESIPINTOSERENITY #CHAGEELEMONTEA #CHAGEEPERFUMELEMON",https://www.facebook.com/myeatkaki/posts/pfbid02Stcbra7j1JZzVafqk6V4ffJcgAdC2hwGWKngtYsRhLi1m74abzg4LTAdNBMDNbKVl,Photo,177230,339,1220,406,1965,1412,19945,16804,38161
,"#好康kaki
HP年中清仓降价大促销🔥
有买有送！加购促销RM1买HP鼠标‼️
.
电脑Lag到不行，想换新电脑❓❓
千万别错过 #只有4天 的 #HP年中清仓限时促销 啦🔥 这次将会在 #2个地点举办大型促销展，一个在📍KL的Plaza Lowyat 和 另一个在📍PJ的Digital Mall🤩🤩
kaki们可以选择：
✅ 去靠近自己的地点 
✅ 人群分散，不怕人挤人
✅ 同时享受到一样的优惠😍😍
.
【HP年中清仓限时促销💻】
📍清仓促销地址：Plaza Lowyat & Digital Mall
📅清仓促销日期：2023年8月3日 - 6日（只有4天）
.
当天会有许多惊人优惠&拿礼物🎁，还可以现场看model再下决定买，真的很抵😍
✨各种电子产品大降价💰⚡️💰⚡️
✨送高达RM200折扣卷👉 在Ground Floor Redemption Booth领取
✨送2D1N Tasik Villa International Resort, Port Dickson礼卷🎉
✨只需RM999‼️就能入手 HP Athlon 15-fc0101AU/ fc0102AU Laptop（仅限6台/天）
👉 优惠卷需要在Ground Floor Redemption Booth领取
✨有买有送🔥 只要购买任何HP笔记本，就能 #免费获得雨伞和现金劵🌂
✨ #加购促销 只需RM1😍，就能获得指定HP滑鼠和优惠高达50%折扣的HyperX耳机！
.
#先到先得，赶紧确认好要买什么型号的手提电脑💻
再JIO一班朋友👫，一起到现场买、买、买‼️
.
【HP年中清仓限时促销💻】
📍地址：Plaza Lowyat & Digital Mall
📅促销日期：2023年8月3日 - 6日（只有4天）
⏰营业时间：10am - 10pm
.
✏️Content Creator: #咩小编
记得关注 #大马搵食Kaki #MyEatKaki 获取最新衣食住行咨询！",https://www.facebook.com/myeatkaki/posts/pfbid0KAJoUcBwe7M7ycKZCYm15UPTqxB5M2k2Vdgmdv9YmvnnqaLFhVBMt6yMqmMtmkwdl,Photo,176220,7,236,26,269,2,4484,1174,5642
,"#夜蒲kaki 
KL新开Las Vegas风夜店🔥
【7月21-22日引爆全场💥💥💥】
高级音响🎵大型蹦迪舞池🪩
.
还在家里自己那边「我没k～我没k～」摇摆，就真的太无聊了‼️ 不如赶紧jio你的kaki一起到KL📍夜蒲新据点【 Pitt Club KL 】‼️ 里面的音响、灯光、氛围，confirm让你high到不像话！跟大家一起「恐龙扛狼扛狼扛」💃🪩💃🪩💃🪩
.
最受瞩目的就是他们把Las Vegas最高级的Night Club带到这里❗️让你感受到奢华又狂欢的PARTY🎉 场地拥有15k sq.ft大❗️而且还拥有 #超先进的音响设备，特别专门邀请了西班牙公司🇪🇸引入最TOP的系统‼️ 再搭配超炫的上下升降LED 灯光，进去整个 #视觉和听觉 真的会让你不知觉身体都摇摆起来🔥🔥🔥
.
这里不时还会邀请 #国际DJ 来站台打碟❗️同时还会有不同的好康活动等你来亲身体验🤩
【 Pitt Club KL 】即将在7月21-22日将会有试营运的 #大型派对🎉 让你赶上最新潮最不一样体验的Night Life🪩✨ 走咯～是时候去发泄你的STRESS了💥💥💥
.
【 Pitt Club KL 】
📍地址：3rd Floor, Life Centre, No.20, Jalan Sultan Ismail, 50250 KL
⏰️营业时间：10pm-3am
📲预定电话：http://wa.link/pittclubkl or  017 322 7488 

🌐Facebook: http://www.facebook.com/pittclubkl
🌐Instagram：https://www.instagram.com/pittclubkl/
.
✏️Credit: #大码小编
记得关注 #大马搵食Kaki #MyEatKaki 获取最新衣食住行咨询！",https://www.facebook.com/myeatkaki/posts/pfbid02b61KCnUgCT23zu7yUHkr4jbzwezSpTTrMGwZ8B3hvmUWTs4w41N51YUAVcwhq1ztl,Photo,171457,442,801,274,1517,1174,13638,14863,29675
,"#旅游kaki
Semenyih一日游❤
适合一家大小一起吃喝玩乐的好去处😊
.
【石哪督庙】
📍No. 4, Jalan Besar, 71750 Negeri Sembilan, Broga, 71750 Semenyih, Negeri Sembilan

【天天来生肉面专卖店】
📍79, Jalan Semenyih Sentral 5, Taman Semenyih Sentral, 43500 Semenyih, Selangor

【男朋友椰冰沙】
📍12, N34, Broga, 71750 Mantin, Negeri Sembilan

【Setia Mayuri Sales Gallery】
📍6, jalan mayuri 3/1a, setia mayuri, 43500 Semenyih, Selangor

【Raccoon Garden Cafe & Restaurant】
📍1, Persiaran Eco Forest 1, Eco Forest, 43500 Semenyih, Selangor

【Hill Top Eco Deer Ranch】
📍Jalan Ulu Beranang, Lenggeng, Malaysia

【罗汉椒仔煲】
📍B34, 43500 Semenyih, Selangor
.
✏️Credit: 长不大小编
记得关注 #大马搵食Kaki #MyEatKaki 获取最新衣食住行咨询！
[感谢赞助商，要玩就要玩最安全的 Eclbet]",https://www.facebook.com/myeatkaki/posts/pfbid02vdH98dit3piQkSoKYVybQHbUfmDBqvYGzkdRm7WJ2KGH6AF4qWpZm2VWdPoRdVGQl,Photo,171265,141,748,659,1548,1,16556,1787,18319
古仔糖水铺开到1AM 还有甜品冰锅+小吃!‼️,"#甜品kaki
古仔糖水铺开到1AM
还有甜品冰锅+小吃!‼️
.
🌃经常半夜想吃特别的糖水，但是没有靓Spot去⁉️⁉️小编发现到📍Kuchai Lama 的【壹糖甜铺】就是营业到1AM✨✨ 这里的糖水不止特别，还好喝🤤
.
来到这里小编就被 #招牌甜品冰锅 给吸引了，里面有12种料➕1杯店家自制的椰奶🥥 里面还有 #雪燕和桃胶，一整个Collagen满满🌸 完全适合2-3个人一起share着吃！
.
一口就被amazing到的 #雪花冰系列，他们家打出来的冰和外面完全不一样🤩 每一口冰吃起来 #很绵很细🤤 尤其是 #芋泥雪花冰，上面淋的是纯芋泥🥰 少见的 #波波奶冻碗 和  #竹筒芒果冻这里也能找到‼️
.
#小吃系列 推荐点🧀️芋泥爆浆芝士饼 & 🍫西班牙油条 ，一口爆馅真的很邪恶😈
.
小鸟胃但是想要1次try完所有甜品❓现在只需要💰RM19.90就可以吃到1份热糖水➕1份雪花冰➕1份当日小吃，是不是真的很值得叻～😍 
.
#限时生日优惠🔥🔥🔥免费送你糖水喝🍧
👉只要在 #生日当月 向店家显示你的IC➕购买任何1份糖水/甜品，就可以 #免费任选1份 啦～
.
FB:https://www.facebook.com/YiTangDessert
IG: https://www.instagram.com/yi_tang_dessert
.
【 壹糖甜铺 】
📍KA1-1-8 kuchai avenue shop, Jalan kuchai entrepreneurs park, Jalan kuchai lama,58200,Kuala Lumpur.
🕕2pm - 1am
📱014-397 0388
.
记得关注 #大马搵食Kaki #MyEatKaki 获取最新衣食住行咨询！",https://www.facebook.com/myeatkaki/posts/pfbid0zZRLiTuLgpdFyTgUvfc1bgM1UHoxuyu4bP9vdFZGwy8dmfi46hY5jTFQPN4x9WkAl,Video,170717,809,2013,1324,4146,179,,16305,20230
,"#爬山kaki
#Kepong📍 隐藏在城市的爬山好去处！⛰️
初学者30分钟攻顶❗️
.
Desa Park City📍鲜少人知道的 #爬山好去处——🌿【Sri Bintang Hill Trail】🌿这景点是小编经常去的，简单且不费时就能看到很美的风景啦～😍
.
Sri Bintang Hill Trail #初学者 也能轻松征服！😍海拔只有约150米，虽然简单，但风景绝不逊色，还能瞭望甲洞区的美景，非常适合那些刚开始爬山或体力稍差的kaki。
.
这个周末赶快去试试吧～
【Sri Bintang Hill Trail】
📍地址：Jalan 11/36, Taman Sri Bintang, 52200 Kuala Lumpur, Wilayah Persekutuan Kuala Lumpur
🚗走起：https://petalmaps.life/2p8pcstc
✅爬山必备：https://shope.ee/5zxYleyZe5
.
✏️Credit: #小云小编
记得关注 #大马搵食Kaki #MyEatKaki 获取最新衣食住行咨询！
[感谢赞助商，要玩就要玩最安全的 @eclbet  ]",https://www.facebook.com/myeatkaki/posts/pfbid02gyHeU82PMaRGFs3knEYZjH8YSuesUaceQceB8pqvPcNWEyhaZUXur8PzschoGSWyl,Photo,167927,221,1780,359,2360,215,20820,8343,29378
,"#好康kaki
新家装修这样做🔥省好几万⁉️
📅7月21-23日｜The Starling Mall
一次过帮你省时省心省钱🤩
.
每次想到要装修买家具，头就很大～ 又要精打细算又想要买品质好不易坏的～
如果你正在筹备 #搬新家 / #改造装潢家具 ， 那你得学学这样做，竟然可以省很多🔥 现在你更可以到【MyHome 家具展】一次过看完所有的家具家电，还可以享 #福利和好礼🎁
.
📅7月21-23日，连续三天就在 The Starling Mall, Level 5, Event Hall！🏠 现场的家居产品从本地到国外的品牌应有尽有！电器、厨房电器、床上用品、沙发、衣柜、厨房橱柜，甚至到厨房用具、浴室配件、门窗户、保险安全系统等... #一站式的家具展，confirm买到你想要买的东西🏠
.
到场购买，更是超多好礼和优惠送给你，简直就是赚到了🤩
1⃣️【Day Day Give】
✅总价值高达RM70,000的现金礼券!!
✅每日派送出99份Day Day Give现金礼券,先到先得
✅ 现金礼券包括（没有最低消费）:
💰 RM3000 x 4份
💰 RM380 x 20份
💰 RM50 x 75份
- 参加条件 -
1）在单张收据消费满RM2000或以上
2）年满21岁或以上
.
2⃣️【 高达36个月的0%分期付款】
💃 轻松付款，无需一次付清全款费用
💳 更多付款选择！15个银行供你选择，让你梦想家居成真！
.
3⃣️【品牌折扣礼券】
💰免费领取高达RM1000的折扣礼券！
🛍️ 全场高达80%的折扣，再加上品牌礼券，绝对超值！
🎁 到现场的Info Counter 就可以立马领取免费品牌礼券！
.
4⃣️【兑换礼品】
🎁单张收据，消费满RM500或以上，即可获得超级实用的礼物！
.
5⃣️【Register & Win】
🎯简单的步骤！只要 Scan QR code，填上资料就有机会获得丰富礼品哦!!
.
【MyHome 家具展】就快来啦，赶快和家人预定好日期来抢货咯💪
📅日期：2023年7月21日至23日
⏰时间：11am – 9pm 
📍地点：The Starling Mall, Level 5, Event Hall
.
🔗Facebook: https://www.facebook.com/myhomeexhibition
🔗官网:https://my-home.com.my/
.
✏️Credit: #大码小编
记得关注 #大马搵食Kaki #MyEatKaki 获取最新衣食住行咨询！",https://www.facebook.com/myeatkaki/posts/pfbid0HB6G42ap3sZAKDaADS5fWz2J591SUWDSxovzbsjiReFFiZWzoVmVioJad685n3Evl,Photo,166651,18,372,225,615,24,16079,1905,18008
,"#资讯kaki 
⚠小心拿不到钱‼需符合16种情况！
可申请EPF部分或全额提款‼
.
大家常说的“#养老金”EPF，退休以后可以拿出来用，省下很多麻烦。可是你真的知道 #EPF的用处 吗？🤨不是什么时候都能提款成功的！⚠如果现在你正需要一笔钱应急，存放在EPF的钱可以提款出来吗？🤔其实是可以的哦！💰只需要符合提款条件就可以啦～
.
➡️首先，我们需要了解申请提取EPF的【16种必要条件】，共分成“#部分提款”（Partial Withdrawal）以及“#全额提款”（Full Withdrawal）2种情况。
1️⃣部分提款（Partial Withdrawal）: 公积金第二户口（Account 2）提款申请条件
2️⃣全额提款（Full Withdrawal）- 公积金第二户口（Account 2）提款申请条件
.
更多详情可以 #浏览KWSP官网：🔗https://www.kwsp.gov.my/en/member/withdrawals
.
✏️credit: #小云小编
记得关注 #大马搵食Kaki #MyEatKaki 获取最新衣食住行咨询！
[感谢赞助商，要玩就要玩最安全的 @Eclbet  ]",https://www.facebook.com/myeatkaki/posts/pfbid02D7k2e4EKyxMMq4bYLUJ43HtHb7SwfKzcU5uZi6F1wmyQwfBaGy1Az4Nha94f5xQel,Photo,159437,70,850,898,1818,150,28253,2648,31050
,"1碗20多粒耗汤，每颗都新鲜大粒！
.
【 顺记潮州海鲜面家 】
📍 28, Jalan Jejaka 7, Maluri, 55100 Cheras, Wilayah Persekutuan Kuala Lumpur, Malaysia
🕕 7:30am - 4:00pm
📱016 2228656
.
记得关注 #大马搵食Kaki #MyEatKaki 获取最新衣食住行咨询！
[感谢赞助商，要玩就要玩最安全的 @𝐄𝐂𝐋𝐁𝐄𝐓 ]",https://www.facebook.com/reel/3532257883660270/,FB reel,159419,415,2535,1369,4319,,,,
,"kepong 无招牌炒板面
40年经验自制手工面
.
#板面kaki 看过来‼隐藏在Kepong的 #住家式无招牌炒板面，满满猪油渣和蒜米辣椒，JENG👍👍👍
.
这家隐藏在住家的炒面档——【Kepong炒板面】🍝，已经经营了4️⃣0️⃣ 多年，面条都是老板手工自制的，Q弹可口！ 一定要配上他们的灵魂蒜米辣椒！
.
【Kepong炒板面】
📍地址：405A, Jalan 14/39, Kepong Ulu Firm, 52100 Kuala Lumpur
⏰营业时间：7:00am - 1:00pm (周二休息)
.
✏️credit: #小云小编
记得关注 #大马搵食Kaki #MyEatKaki 获取最新衣食住行咨询！
[感谢赞助商，要玩就要玩最安全的 Eclbet ]",https://www.facebook.com/myeatkaki/posts/pfbid032k6wJLVkAVDwjs5KCYDW5wPkqmKWbc1avcF8RuNxpMGGxAacMLhpGUL5c7XXQBNEl,Photo,139492,252,639,369,1260,,10719,2411,13130
全马唯一荣获泰国精选的✨ Thai In Mookata🔥🇹🇭,"#揾食kaki 
全马唯一荣获泰国精选的✨
Thai In Mookata🔥🇹🇭
.
KL这么多家的泰式Mookata唯独这家【 Thai In Mookata 】竟然可以荣获泰国🇹🇭认证位精选餐厅？！ 到底有什么好料可以酱厉害🤔
.
他们家的食材大多数都是从泰国进口，所以肯定能吃到很thai的口感～
另外他们的食材非常的新鲜而且也真材实料，必点的 #虾滑，就连老虎虾肉都吃得到🤤
吃Mookata不可错过的就是 #猪肉片 啦🔥几乎没有猪骚味因为是必须经过15层的process‼️
.
另外还有非常多的泰式研制肉料、小吃、肉碎饭等，统统叫来吃thai爽！
当然还不要忘了一定要搭配清凉皆可的Longan Fever🥤，一口肉配一口饮料❗️Thai Mookata就是要这样吃啦🔥
.
【 Thai In Mookata 】
𝐒𝐞𝐭𝐚𝐩𝐚𝐤 𝐎𝐮𝐭𝐥𝐞𝐭
☎️ Hotline: 03-4131 7128
Waze: https://waze.com/ul/hw2865p84u

𝐎𝐥𝐝 𝐊𝐥𝐚𝐧𝐠 𝐑𝐨𝐚𝐝 𝐎𝐮𝐭𝐥𝐞𝐭
☎️ Hotline: 03-7971 5581
Waze: https://waze.com/ul/hw2839emyz

𝐊𝐞𝐩𝐨𝐧𝐠 𝐎𝐮𝐭𝐥𝐞𝐭
☎️ Hotline: 03-6243 4600
Waze: https://waze.com/ul/hw2862c6d0

𝐒𝐮𝐛𝐚𝐧𝐠 𝐎𝐮𝐭𝐥𝐞𝐭
☎️ Hotline: 03-5613 0033
Waze: https://waze.com/ul/hw281ryt6f

𝐂𝐡𝐞𝐫𝐚𝐬 𝐓𝐫𝐚𝐝𝐞𝐫𝐬 𝐒𝐪𝐮𝐚𝐫𝐞 𝐎𝐮𝐭𝐥𝐞𝐭
☎️ Hotline: 03-9081 5305
Waze: https://waze.com/ul/hw28378qnc

𝐑𝐚𝐰𝐚𝐧𝐠 𝐎𝐮𝐭𝐥𝐞𝐭
☎️ Hotline: 03-6736 9003
Waze: https://waze.com/ul/hw284ys0kj
.
Facebook： https://www.facebook.com/ThaiInMookata?mibextid=ZbWKwL
Instagram：https://www.instagram.com/thaiinmookata/?hl=en
Website：https://thaiin.my/
.
✏️Content Creator： #大码小编
🎤Host： Jofia
📹 Videographer：Xin Tong
🎬Editor：Xin Tong
记得关注 #大马搵食Kaki #MyEatKaki 获取最新衣食住行咨询！",https://www.facebook.com/myeatkaki/posts/pfbid0GE3ogeZJK169nzWQVfXpi9cYh5idMxNpFgCZzxKkNkmr2cXDV2LAYCDWRKzUTos9l,Video,137290,114,671,248,1033,415,,9484,14247
半露天古早羊腩煲🍲 还有生虾/鸡煲吃😋,"#揾食kaki 
半露天古早羊腩煲🍲
还有生虾/鸡煲吃😋
.
Old Klang Road📍越来越热闹了🎉现在还有 #羊腩煲 可以吃🤤
【 Daxia Kl.大侠炭火羊腩煲 KL 】的羊腩煲汤底熬煮到很浓很够味，而且里面的料满满🔥羊肉更是炖到软嫩🤩如果不爱吃羊肉，你也可以选择换成鸡煲都没问题哦👌
.
另外还有5种锅煲可以选择，像是另一个招牌 #金瓜芝士生虾煲，喜欢吃浓郁海鲜口味的kaki，这锅就非常适合啦✨ 多人来吃想要加料，另外还有很多 #火锅料 可以点，完全不怕吃不饱👍
.
饭后想要继续跟朋友吹水，这里还提供多种 #清爽饮料，像是汽水、凉茶、啤酒等🍻再搭配店内特制的 #凉拌小菜和小吃 ，简直就是完美🤩 Jio吃饭新地方❗️你还在等什么🔥
.
【 Daxia Kl.大侠炭火羊腩煲 KL 】
📍 OKR AUTO CITY LOT 4426F Jalan Klang Lama 58000 Kuala Lumpur 58000
🕕 4pm- 12am
📱012-615 6077
.
Facebook: https://www.facebook.com/DAHUPKL
.
✏️Content Creator： #大码小编
🎤Host： #大码小编
📹 Videographer：Xin Tong
🎬Editor：Amy
记得关注 #大马搵食Kaki #MyEatKaki 获取最新衣食住行咨询！",https://www.facebook.com/myeatkaki/posts/pfbid02P1K9hETZwZ4jJwMW69Tkt9VQguGbNaKwgRAsqCVcgb3bFptDyUwvnrqi4Pdamawwl,Video,136506,82,843,255,1180,44,,8215,11704
,"#资讯kaki
酱油还是生抽❓❓
大马常见调味料懒人包✨
.
平时进厨房， 太多瓶瓶罐罐的调味料，根本分不清？？今天小编就来一次过告诉你这些 #常见的调味料 都是什么&能怎么用😍
🛒Shopee: https://shope.ee/7f5ptVjtot
.
✏️Credit By：#咩小编
记得关注 #大马搵食Kaki #MyEatKaki 获取最新衣食住行咨询!
[感谢赞助商，要玩就要玩最安全的 Eclbet  ]",https://www.facebook.com/myeatkaki/posts/pfbid0ZHbsH2DCGdw3EodSmxPxMMiYzEqW2Qy1STBfatKjmGtFU6RB4dN91wQTRqbbVT1ul,Photo,136437,33,341,430,804,1,14163,1030,15194
冰室全天套餐 大份又便宜‼️,"#揾食kaki 
冰室全天套餐
大份又便宜‼️
.
在雪隆区已有小名气的【 小明冰室 Xiao Ming KopiTiam 】，menu选择竟然有多达100种以上的餐饮选择🤩 从港式的点心、小吃、饮料，到南洋风味的烧肉、面食、黄姜饭等食物都有的选择❗️
.
最重要是✨这里全天供应 #套餐组合，一次过搭配主食➕饮料➕汤，绝对能让你吃得饱🔥
不可错过的还有他们的 #招牌火爆烧肉，皮脆肉带些酱油腌制的蒜香味，很适合搭上一碗干捞面来吃😋另外还有超厚内陷的蛋挞，一口咬下去就是满满的蛋奶香在嘴里回荡🤩
.
这家拥有cafe等级的环境，但却是kopitiam的价格🤤 简直是 #平靓正‼️
还有这里是pet-friendly的餐厅，欢迎带你们的爱狗爱猫来一起用餐咯🐶🐱
.
【 小明冰室 Xiao Ming KopiTiam 】
➡️ PJ Jaya One
地址：31-LG1, Block C, Jaya One, Jalan Profesor Diraja Ungku Aziz, Seksyen 13, 46200 Petaling Jaya, Selangor.
Waze: https://waze.com/ul/hw2838z9s9
电话：03-7932 0724
营业时间：8am-12am
➡️ Bukit Tinggi, Klang
地址：B4-20-0, Lorong Batu Nilam 3e, Bandar Bukit Tinggi 1, 41200 Pelabuhan Klang, Selangor.
Waze: https://waze.com/ul/hw281h5zsm
电话：03-3319 8031
营业时间：10am~10pm（周一至周四）；9am~11pm（周五和周日&公共假期）
➡️ Bandar Parklands, Klang
地址：No. 39, Jalan Jed 3, Bandar Parklands, 41200 Klang, Selangor.
Waze: https://waze.com/ul/hw280uv1x9
电话：03-3318 5261
营业时间：9am~9pm
➡️ Gohtong Jaya
地址：54, Jalan Jati 1, Gohtong Jaya, 69000 Genting Highlands, Pahang.
Waze: https://waze.com/ul/hw2877ccut
电话：03-6100 0996
营业时间：8am-10pm
.
Facebook: https://www.facebook.com/xiaomingkopitiambukittinggi/
Instagram: https://www.instagram.com/xiaomingkopitiam/
.
✏️Content Creator： #大码小编
🎤Host： #大码小编
📹 Videographer：Xin Tong
🎬Editor：Pyco
记得关注 #大马搵食Kaki #MyEatKaki 获取最新衣食住行咨询！",https://www.facebook.com/myeatkaki/posts/pfbid0sMh442QHqE5FDZ6BwmxTTwAFaUuGJvBLs5zPrcE1zoMnVTaUMSnchSvyvZ3ChvW5l,Video,135295,46,862,205,1113,89,,11214,16119
云顶半山吹水圣地😋 竟然有辣汤啦啦吃?!🔥,"#揾食kaki 
云顶半山吹水圣地😋
竟然有辣汤啦啦吃?!🔥
.
每次晚上来kit就喜欢去云顶吹风的kaki，去吹晚风下山肯定会肚子饿的吗～
经过云顶半山，你懂你可以到【 Kedai Makanan 66 Lok Lok Corner Restaurant 】填报肚子的吗～ 而且还是24小时不打烊🔥
.
这里种类选择多到，可能你的钱包里的钱都会不小心花光😂
除了有最出名的 #虾面🍜、竟然还有 #辣汤啦啦🌶️，还可以加米粉🤤 ，在冷天的天气吃上一碗又香又辣的汤，很爽一下啦👍
.
另外还有很多档口像是lok lok、点心、烧腊饭、糖水等、糖水等，多种选择🤩
在冷冷的天气吃上热腾腾的食物，不体验一下怎么行呢～ 冲云顶咯🚗
.
【 Kedai Makanan 66 Lok Lok Corner Restaurant 】
📍 46, Jalan Jati 1, Taman Gohtong Jaya, 69000 Genting Highlands, Pahang
🕕 24 小时 不打烊
.
Facebook: https://www.facebook.com/profile.php?id=100029337716893
Instagram: https://www.instagram.com/explore/tags/66cornergohtongjaya/?hl=en
.
✏️Content Creator： #大码小编
🎤Host： Jofia
📹 Videographer：Xin Tong
🎬Editor：Amy
记得关注 #大马搵食Kaki #MyEatKaki 获取最新衣食住行咨询！",https://www.facebook.com/myeatkaki/posts/pfbid02wbrGrrKEnULuTyNQKE8QhgpPxiwjGT6ct8znwkiPYJRrgsqatbVU9RA78vxJnGsfl,Video,132125,77,850,214,1141,13,,5400,9224
,"比KFC脆的炸鸡🍗
一盘椰浆饭才RM10？！
.
【 Siddieq Corner 】
📍1, Jalan USJ 1/1a, Taman Subang Mewah, 47620 Subang Jaya, Selangor
🕕 24hr；炸鸡椰浆饭档口
.
🎤Host: #大码小编
📷Videographer: Xin tong
🎬Editor:
.
记得关注 #大马搵食Kaki #MyEatKaki 获取最新衣食住行咨询！
[感谢赞助商，要玩就要玩最安全的 @𝐄𝐂𝐋𝐁𝐄𝐓 ]",https://www.facebook.com/reel/631562015702147/,FB reel,128554,209,1731,748,2688,,,,
,"#揾食kaki 
KL📍新开住家式休闲Cafe
超过10种手酿水果Kombucha🤤
.
Kepong住家区竟然隐藏了一家 #世外桃源 的住家式餐厅【 The Balsa Eatery 】😍
踏进区立马 #氛围感满满💯 像是进入了大自然的感觉🌿室外休闲的桌椅，再搭配店内丰富的美食&甜点选择➕多种健康的手酿水果Kombucha🥤真的超适合可以跟朋友从早坐到晚上！
.
一直以来都深受女生喜爱的 #Kombucha康普茶，这家居然有自己Kombucha酿造的工厂🤩每天都会以不同的 #新鲜水果 来手酿‼️ 所以每日到店都会有不同口味的Kombucha来任你选，目前已经酿出多达10种口味以上的水果Kombucha🥤 而且喝这个天然发酵的益生菌饮料功效真的超级多，✅帮助消化、✅促进新陈代谢、✅养颜美容等！ 
.
除了有特色饮料之外，这里的美食和甜点也一点都不逊色🤤从西式口味的Pasta、Risotto等再到南洋口味的日式鸡扒饭、Signature椰浆饭等多种选择！不可错过他们的Chef Special食物，随时都会有惊喜等着你来开吃😋
.
如果想要和小姐妹来个饭后甜点，还可以选择他们每天新鲜制作的蛋糕和面包！小编超推 「Burnt Cheese Cake」🍰甜而不腻，一口下去立马入口即化❤️另外还可以点上一碗Bingsu来解解暑，绵密的雪花冰再搭配淋上去的酱料，真的是好爽❄️
.
不管是室内还是室外，这家的空间超大超舒服，而且非常适合带着你的狗狗来一起打卡拍照哟📷 这么Chill的地方，怎么还不赶紧跟你的朋友一起来探店呢✨ 
.
【 The Balsa Eatery 】
📍 D-1, LOT 14070, Jalan 16/42, Taman Kok Doh, 51200 Kuala Lumpur, Malaysia
🕕 9am-11pm
📱 018-388 5030
Facebook: https://www.facebook.com/profile.php?id=100094390757451
Instagram: https://www.instagram.com/thebalsaeatery/
.
✏️Credit: #大码小编
📷Photo: Xin Tong
记得关注 #大马搵食Kaki #MyEatKaki 获取最新衣食住行咨询！",https://www.facebook.com/myeatkaki/posts/pfbid0hVRvA3bFBE7gBCdbDffbe14FBwnC31XnroLSzazejAZjzFrGZAuvCZtpWAtcQR4ql,Photo,128484,130,580,375,1085,720,12842,9188,22344
,"#资讯kaki
5️⃣步骤 上网更新驾照🚗
直接renew 10年扣10%‼
.
现在直接 #上网更新驾照 无需去排队拿号码，太方便啦！而且只要一次性Renew 10年还有折扣：🔗https://public.jpj.gov.my/public/login.zul
.
✏️Credit: #小云小编
记得关注 #大马搵食Kaki #MyEatKaki 获取最新衣食住行咨询！
[感谢赞助商，要玩就要玩最安全的 Eclbet  ]",https://www.facebook.com/myeatkaki/posts/pfbid028UDESduSvmXkLfzYHkZvig9gXFjvYjZS3SyDBe2mLxJgS1gv3jzkp46vqgqxBrBJl,Photo,128211,78,377,1058,1513,496,6237,2291,9024
,"#揾食kaki
KL Mochi冰淇淋圆可颂🥐
外脆内Q弹 排队1小时‼️
.
🔥最近爆火的 #Mochi冰淇淋可颂🥐 你吃过了吗？！
位于KLCG📍Confectionery & Bakery 刚推出就每天有人排队吃的甜点🍮
.
小编现场拍了1个小时，真的很夸张～～
不过附近有博物馆和展览厅可以逛逛打发时间，
顺便也把OOTD照也拍了😂
.
#Mochi冰淇淋可颂 有4种口味可以选，开心果、巧克力、raspberry、咸蛋口味‼️
圆形可颂+软软的Mochi+冰淇淋 = 先脆、软、冰冰凉凉🧊
❤️整体不会太甜、超级好吃💯
.
⚠️不过价钱偏高，1粒Mochi冰淇淋可颂是RM14.90
.
不想等的kaki们，也可以选择打包带走/叫外卖，比较快！！不过建议现场吃，味道才是最棒的～～喜欢甜点的你就不要错过，近期最火的 #Mochi冰淇淋可颂咯😍
.
【KLCG Confectionery & Bakery @Dataran Merdeka】
📍 27, Jln Raja, Dataran Merdeka, 50050 Kuala Lumpur, Wilayah Persekutuan Kuala Lumpur
🚗走起：https://petalmaps.life/yvhjvews
⏰ 9am - 6pm （星期二休息）
📱012-389 3907
.
Facebook: https://www.facebook.com/klcgconfectionerybakery/
Instagram: https://www.instagram.com/klcgconfectionerybakery/
Website: https://www.klcg.online
.
✏️Credit By：#咩小编
📷照片来源：小红书-@水晶、@嘟嘴的小花花、@Hhh.co, FB-@AyeshaSaiful、@AngKaiYang、@NabeelBhutto
记得关注 #大马搵食Kaki #MyEatKaki 获取最新衣食住行咨询!",https://www.facebook.com/myeatkaki/posts/pfbid0vEEiGL1hSEGFj9mYBkRFX8cSevgrpiTmw8ohVJYNDWXPZe9RjpHt68rKmdUrTkW4l,Photo,126046,354,591,512,1457,40,7977,2033,10047
,"#忧郁症kaki
你身边的阳光型忧郁症😞
8️⃣个迹象，表明你中招了⚠️
.
今早起来第一个消息就是让人 #伤感的新闻，一代巨星的陨落。👩‍🦰CoCo平日给人的印象总是大大咧咧，活泼的“开心果”😊，谁也没预料在她身上会发生这种事。但其实，原来有一种症状叫“#阳光型忧郁症”‼️
.
心理学家【玛格丽特】曾说过：“有些人心理有自杀的想法，但由于平时表现得过于正能量，以至于他人完全看不出！这也是阳光型忧郁症最为痛苦的原因之一！他们甚至连自己都 #难以察觉。”
.
这里就为大家准备了👉【16个忧郁症的表现】👈，
⚠️⚠️⚠️仅供大家参考哦～如果绝对自己或身边的亲人有这种表现，最好还是资讯专业的心理咨询师！
.
✏️Credit: #小云小编
记得关注 #大马搵食Kaki #MyEatKaki 获取最新衣食住行咨询！",https://www.facebook.com/myeatkaki/posts/pfbid02DMHSfxBHG9AkqjoLgxhywzvcf43gN5jqsFWc7wwBZvWBteujpd8npeoorA6dFPfel,Photo,125611,145,850,648,1643,1,29304,4024,33327
,"LaLaport📍 最盛大Cosplayer聚会
📆8月4日-6日｜LaLaport BBCC
动漫➕Cosplay比赛➕模型展 免费入场‼️
.
 #Anime & Arts， #Cosplay，#Gamer 的爱好者们‼️小编有好消息要跟你说！
#Cosplayer大型聚会又来咯～✌🏻【ACG Matsuri Event 2023】✌🏻将在📆8月4日隆重引爆！📢📢📢听好囖～这次除了是Cosplayer大聚会之外，还有各种 #模型展览、 #cosplay比赛 和 #各种动漫活动 可以让大家进行互动交流！真的太兴奋啦！
#入场免费 ❗️入场免费 ❗️入场免费 ❗️
.
✨最大亮点&互动游戏✨：
✅动漫活动
✅cosplay竞赛
✅著名Cosplayer 表演
✅模型展览
✅动漫歌曲DJ
.
为其3️⃣天的活动，将会有各个大牌cosplayer光临现场！
【ACG Matsuri Event 2023】
📆主要活动：8月4日-6日
📍地点: LaLaport BBCC
.
活动当天还会有著名的Cosplayer见面会！😍其中包括：来自香港的Yu Dan，来自台湾的Yao & Alma等等。❤️所有Cosplayer快装备自己吧❗️除了以上的精彩演出，现场还会举办 #Cosplay竞赛！快点去了解详情吧～
.
📢更多活动内容与细节，将会陆续公布！
.
✏️Credit: #小云小编
记得关注 #大马搵食Kaki #MyEatKaki 获取最新衣食住行咨询！",https://www.facebook.com/myeatkaki/posts/pfbid037ZnnfNNZibVWfTHuAZsy3qYhmB2ikzuVB3SkY4QuSQk3hG3HrwUScNV84Nue61Q6l,Photo,124354,170,871,209,1250,663,12378,9599,22640
,"#开车kaki
红绿灯上装CCTV🎥
开车按手机📲 直接上法庭❗️
.
JPJ 已开始在 #交通灯上安装CCTV A.I AES啦～主要目的就是要录制你在等待红绿灯的时候有没有按手机啦！
.
⚠️喜欢 #开车按手机 的kaki要小心咯...一旦收到Saman，就是RM1000的罚款！而且 #必须上法庭，不能求情！
.
✏️credit: #小云小编
记得关注 #大马搵食Kaki #MyEatKaki 获取最新衣食住行咨询！
[感谢赞助商，要玩就要玩最安全的 Eclbet  ]",https://www.facebook.com/myeatkaki/posts/pfbid02cnJ5jBjqjTWTbRsrC38QVa493yG1uk4ropUontxatVDgFxifzzkCnydYAX4bVyPkl,Photo,123358,482,1194,1135,2811,4,5084,12932,17998
,"挑战6呎板面🍜
比你身高还长‼️
.
Facebook：https://www.facebook.com/TANGKAKKOPI/
Instagram：https://www.instagram.com/tangkak_kopitiam_kl/
.
【 TANGKAK Kopitiam at Scott Garden KL 】
📍G-02, Scott Garden, Old Klang Rd, Taman Shanghai, 58200 Kuala Lumpur
🕕 11am-2am
📱+6017-331 5588
.
记得关注 #大马搵食Kaki #MyEatKaki 获取最新衣食住行咨询！
[感谢赞助商，要玩就要玩最安全的 @𝐄𝐂𝐋𝐁𝐄𝐓 ]",https://www.facebook.com/reel/1292313728071663/,FB reel,122575,148,1306,712,2166,,,,
,"#揾食kaki 
45年老字号烧猪🐷宴会必备‼️
传统椰壳烧烤🔥雪隆区包送包砍👍
.
好吃的烧猪讲求的就是 #外脆里嫩🔥抹在猪身上的卤汁和火候是非常关键的❗️
已经拥有45年老字号的【 霸王温福财烧猪 】，可以说是绝对的 #品质保证✨
.
制作烧猪的过程非常的讲究，使用的烧烤原材竟然是 #椰壳🥥 光烧一只猪就要使用到2-3袋的椰壳‼️ 这样可以更加提升烧猪的香气～
而且在烧烤的过程他们还需要不断检查烧猪的品质，确保猪的皮和肉都可以维持脆皮口感👍
.
如果你想在家办宴会、过大礼、生日会、甚至是拜祭仪式等来上一只烧猪，
他们将会依据顾客的活动人数来提供猪的size，分为 ✅小、✅中、✅大，3种size！
建议想要订购的话可以在在7天前通知☎️（大节日至少要在2周前通知）哦！
雪隆地区📍都有 #包送包砍 的服务🚚 完全不用烦恼，送到你家就可以开心享用咯～
.
【 霸王温福财烧猪 】
📍 Hulu Langat/ ，雪隆地区📍免费运送🚚
🕕 Mon - Sun
📱 0176880664
.
Facebook: https://www.facebook.com/roastedkingpork/
Instagram: https://www.instagram.com/roastedpork_king/
.
✏️Credit: #大码小编
📷Photo: Xin Tong
记得关注 #大马搵食Kaki #MyEatKaki 获取最新衣食住行咨询！",https://www.facebook.com/myeatkaki/posts/pfbid02udqPDGNXZu7wDnz5sSiNB1uJh9dGe5vHBRhcWN9tSLVkK3CTs38uEjoMNpymesD2l,Photo,115341,31,444,154,629,20,5105,2361,7486
,"#揾食kaki
KL📍小巷里的KAYA蛋糕卷
必吃40年老字号 1片RM1.60‼️
.
看到这个阿嬷相信大家都不陌生😍 #隐藏在小巷 Lorong Yap Ah Loy，一家阿嬷开的小档口卖着超香的 #古早味蛋糕卷，小编告诉你们一定要买来吃🤤
.
阿嬷已经卖了将近 #40年老字号，每一块蛋糕都是 #松软香甜+斑斓香KAYA酱，一打开包装盒都是满满的香气🍰
.
蛋糕卷 #没有防腐剂，重点价格也不贵～
👉 1片蛋糕卷是RM1.60
👉 一整条蛋糕卷是RM19‼️
.
除了蛋糕卷之外，阿嬷也有 #卖Kaya角和蛋挞，人气也不输蛋糕卷😍 
阿嬷卖完就收档，想要买的kaki赶紧冲咯～
.
【KL KAYA蛋糕卷】
📍Lorong Yap Ah Loy, 50050, Kuala Lumpur.
🚗 走起：https://petalmaps.life/yhh64m8h
⏰ 8am - 1:30pm (星期日休息)
☎️ 012-299 5222
.
✏️Credit By：#咩小编
📷照片来源：FB-@NgJoel、@BuiKim、@WynaKhoo、@MunYeeLee、@DerrJunTan、@WongTenglan
记得关注 #大马搵食Kaki #MyEatKaki 获取最新衣食住行咨询!
[感谢赞助商，要玩就要玩最安全的Eclbet  ]",https://www.facebook.com/myeatkaki/posts/pfbid02TAEPbZ3VmCNYVXYpQMrRNGrSZbAYd9Lt1TuP9G8kUwPJsrJy9TxY6kt1mniocnZel,Photo,110079,101,416,202,719,142,7293,1644,9079
,"#驾车kaki 
🚗开车人士请注意‼️
车开了那么久，是不是和小编一样还搞不懂这些小灯的意思呢🤔？
🛒购买胎压监测器：https://shope.ee/AUQMQYBUEX
🛒汽车必备行车记录仪:https://shope.ee/8pI8RbF4ZR
.
🛣️道路千万条，安全第一条！
除了小心驾驶，这些小灯也可以让我们更安全地在马路行驶。
赶紧@你的家人朋友看👀过来！
.
✏️Credit: 长不大小编
记得关注 #大马搵食Kaki #MyEatKaki 获取最新衣食住行咨询！
[感谢赞助商，要玩就要玩最安全的 Eclbet ]",https://www.facebook.com/myeatkaki/posts/pfbid0iUZnta2J5zS7cryCCqXToRQ5pSMEsyuXMtJ9i32YjPEzE9pS75Qx94ZWkMRWkdpl,Photo,109877,40,474,589,1103,17,7030,885,7932
,"#好康kaki 
CHAGEE来到Pearl Point啦📍
连续三天撕杯赢礼物🎁送限量版保温杯🧋
.
爱喝饮料的kaki🔥 @CHAGEE MY 霸王茶姬 在📍Old Klang road的Pearl Point新开张啦🎉🎉🎉
7月14-16日📅连3天将会有 #限时活动‼️只要有买指定茶饮就有机会拿到超值优惠好礼🎁
.
限时3个优惠活动🔥等你来带走奖品🤩：
1⃣️ Lazada 优惠卷
即日起到7月13日，只要到Lazada购买「2杯RM15.90优惠卷（原价RM27.80）」，就可以在7月14-16日到📍Pearl Point分行参加 #斯杯活动🥤
🔗Lazada链接：https://s.lazada.com.my/s.gCbsl
到店兑卷时需使用 CHAGEE mini program link： 
🔗 https://miniprogram.chagee.com.my/miniprogram/app/login?ref=MEDIA-M0005

2⃣️撕杯活动
活动期间：7月14-16日
凡是到📍Pearl Point分行，购买任何一杯制定奶茶，就有机会就参加撕杯活动，赢奖品🎁

3⃣️ Walking Big Big Cup
活动期间：7月14-16日
Step 1: 到pearl point现场和“行走的大大杯”拍照，
Step 2: 发布到FB，tag @my.chagee 和 hashtag #CHAGEEPearlPoint
Step 3: 向“行走的大大杯”promoter展示已完成以上步骤
Step 4: 可以得到BUY 1 Free 1的voucher
⚠️这个voucher也能参加撕杯活动❗️
.
开张当天只卖3种指定饮料🥤花田乌龙 White Peach Oolong Milk Tea、🥤伯牙绝弦 Jasmine Green Milk Tea、以及🥤白雾红尘 Da Hong Pao Milk Tea（只有大杯）
只要参加这其中一个优惠活动，都能参与 #斯杯活动，这次的奖品除了有名牌口红、香水等，这次更是可以拿到 #CHAGEE限量周边 的包包、扇子、和保温杯😍
.
这样超值的活动和好康，就要赶快share & tag你的朋友一起来碰碰运气咯‼️
#CHAGEE #CHAGEEMY #GrandOpening
.
【 CHAGEE Pearl Point Outlet 】
📍Level G, G-02, CHAGEE Pearl Point
🕕10am-10pm
📌全马分行：https://chagee.com.my/store-locator/
.
Facebook: https://www.facebook.com/my.chagee
Instagram: https://www.instagram.com/my.chagee/
.
✏️Credit: #大码小编
📷Photo: #咩小编
记得关注 #大马搵食Kaki #MyEatKaki 获取最新衣食住行咨询！",https://www.facebook.com/myeatkaki/posts/pfbid02tX5DD5pB3TykcMbNkQpTqA25PtFHU3QzMvotFFroaJiYBmaQ64EsPhD96LV1cdYdl,Photo,108526,96,470,111,677,362,8773,7889,17024
,"#旅行Kaki
去香港玩✈️这样买很划算‼️
疯狂配套解决住+玩+门票🔥
.
想吃正宗的菠萝包、滑蛋牛、烧腊饭、冻柠茶，一定就是非香港莫属了✈️ #HelloHongKong #DiscoverHongKong
7月28-30日📅只要到Mid Valley Exhibition Centre一趟，所有关于香港的 #旅游配套 一次过都展示给你❗️只要你想要去的地方，这里都可以帮你安排的到😍 而且还实用 #超级疯狂的优惠价 让你买到最实惠的旅游配套🔥
.
┏━━━━━━━━━━━━━━━━━━━━━━┓
【 旅游展 <AIRLINK TRAVEL & TOUR SDN BHD> 】
📅活动日期：2023年7月28-30日（星期五-日）
⏰活动时间：10am – 9pm 
📍活动地点： Mid Valley Exhibition Centre
🏠摊位Booth：B076-B087
┗━━━━━━━━━━━━━━━━━━━━━━┛
.
现场将会展示一系列的香港旅游配套包括：
👉4D3N包机场接送+酒店住宿的「香港逍遥游」
👉4D3N包迪斯尼乐园门票+度假酒店、海洋公园门票、酒店住宿的「香港双乐游」
👉香港主题乐园「迪斯尼乐园 」（1日 / 2日门票）& 「香港海洋公园 」（1日门票）
👉昂坪来回缆车 & 昂坪360大澳通
👉香港澳门游
.
🔎了解更多配套详情 | 𝗠𝗼𝗿𝗲 𝗜𝘁𝗶𝗻𝗲𝗿𝗮𝗿𝘆
【 Airlink Travel & Tour Sdn Bhd 侒旅游 】
💬𝗪𝗵𝗮𝘁𝘀𝗮𝗽𝗽 𝗡𝗼𝘄 ：https://bit.ly/airlinkhotline
💬𝗪𝗵𝗮𝘁𝘀𝗮𝗽𝗽 𝗡𝗼𝘄 ：https://bit.ly/airlinkWhatsApp
☎️热线电话: 03-8060 1199
🌐Facebook: https://www.facebook.com/airlinktravel.my
🌐Website : http://www.airlinktravel.my/
----------------------------------------------
* Terms & conditions Apply
.
✏️credit: #大码小编
记得关注 #大马搵食Kaki #MyEatKaki 获取最新衣食住行咨询！",https://www.facebook.com/myeatkaki/posts/pfbid0pkDZYADz2K61kVGf7j6GYNRZDRyone56aSxRzT7LkBwLvmEAFL465QPdgYRj8o4il,Photo,105288,23,618,88,729,63,6115,3161,9042
,"#好康kaki
OGAWA最后4天大清仓促销🔥
7月13日-16日｜AEON MALL Cheras Selatan
全场高达95%折扣　最低RM49起‼️
.
OGAWA正在举行大清仓促销，再不来买还要等几时🔥
所有商品必须清仓, 折扣高达95%，价格从RM49起* 
📆即日起至7月16日，赶快到📍AEON MALL Cheras Selatan去抢货‼️ 现场除了有按摩椅之外，还有运动器材，足底按摩器，背部按摩仪等超过10多款OGAWA产品，总有一款适合你😍
.
来到现场最低RM49起就可以购买到OGAWA产品，享有高达95%的折扣‼️
OGAWA都可以提供：
🚚免费送货
💳0% 利息分期付款计划
.
不得不选择 OGAWA 的 6 大理由💥💥💥
✔️OGAWA成立于1996年，是马来西亚的老字号品牌，从过去到现代的按摩体验方面积累了超过26年的经验； 目前在全球拥有1000多个销售点！
✔️OGAWA拥有业内最大规模的专业研发团队，不断通过创新技术改变生活！
✔️OGAWA 确保每把按摩椅都具有最高品质！
✔️OGAWA荣获多个奖项，如Most Promising Brand Putra Brand Awards, Reader’s Digest Trusted Brand – Gold Award, Sin Chew Business Excellence Awards, Malaysia Health & Wellness Brand Awards, Asia Pacific Enterprise Award等等！
✔️ 所有 OGAWA 产品都经过 SIRIM 认证！
✔️The Kantar Group最近的研究证明，89% 的消费者选择 OGAWA 作为他们的首选品牌，77% 的消费者认为 OGAWA 是一个值得信赖的品牌！
.
赶快趁这个机会入手 #OGAWA按摩产品，不管是想要孝敬父母还是慰劳自己，只要有它就可以准备跟腰酸背痛说byebye~ 😍
.
【OGAWA CLEARANCE SALE】
📌活动地点：AEON Mall Cheras Selatan, Ground Floor Centre Court
📆活动日期：2023年 7月13-16日
⏰活动时间：10am - 10pm
☎️联络资讯：Alan Loh https://bit.ly/3XjlWIS
.
Facebook：https://www.facebook.com/OGAWAMalaysia
Instagram：https://www.instagram.com/ogawamalaysia/

*图片与资料仅供参考，具体详情请查阅相关链接
*须符合条规。列出的产品仅为展示。显示的价格仅适用于7月4日至16日期间的AEON Cheras Selatan Roadshow 
.
✏Credit：#大码小编
记得关注 #大马搵食Kaki #MyEatKaki 获取最新衣食住行咨询！",https://www.facebook.com/myeatkaki/posts/pfbid02PGAbko6vCYNZzhbYNkBxnGym3Svp67vTUJFRaosQPCdEyp3YTPZpZTe4Nu51ftbxl,Photo,105110,6,294,18,318,54,4520,1501,6075
,"#揾食kaki 
Old Klang Rd📍新开半露天羊腩煲🔥
来吃煲🍲现金RM1288就是你的🤩
.
被Old Klang Road📍这家Bling Bling✨半露天大棚的【 Daxia Kl.大侠炭火羊腩煲 KL 】给吸引来🤩原来是新开🔥的 #羊腩煲 lehh‼️ 环境位子很大、又舒服❗️除了有#6种砂锅煲 可以选择，另外还可以变成 #火锅🍲，边刷肉边熬煮的砂锅汤，汤头肯定很syokk👍
.
坐下来还不知道要点什么，来！小编介绍你🔥这家店必点不可错过的这2样：
✅大侠古早味羊腩煲：使用药膳熬煮的羊腩煲，每一块羊肉都煮到入味软嫩🤤一端上桌香气扑鼻而来！汤头喝起来更是有巨补的感觉、羊肉软嫩入味，同时又韧劲！
PS：如果不习惯吃羊肉🐑的kaki，这里也可以更换成鸡肉🐔都没问题哦👌
✅金瓜芝士生虾煲：使用金瓜泥汤再配上新鲜又巨大的生虾🦐，最后在汤头滚烫的瞬间撒下cheese🧀️，这锅简直就是太犯规了🤤整个汤合起来就是有鲜甜的口感，很适合喜欢和海鲜浓汤的kaki！
.
整间店的也非常有气氛，越晚越high～ 如果跟朋友来这里用餐，吃火锅太热、还可以点上他们很多款的清爽饮料，像是汽水、凉茶、椰子水、啤酒🍺等！再搭配他们店内独特的 #凉拌 和 #炸类小吃，简直就是绝配啦🍻 想要一大批朋友一起聚餐，这家推荐给你了啦🔥
.
#限时优惠好康🔥🔥🔥 来吃东西有钱拿❓❗️
即日起到2023年8月18日，只要到店用餐，完成一下任务就有机会赢取高达RM1288 #现金‼️
1⃣️ 拍照打卡，公开上传到个人的FB profile
2⃣️ hashtag #大侠碳火羊腩煲KL
3⃣️ 获得最多like的前3名将会获得现金回馈（8月由店家FB公布得奖者🔥）
（🏆冠军：RM1,288；🥈亚军：RM688；🥉季军：RM388）
可以wor～ 好不赶快jio一大群朋友一起来吃来打卡咯😍
.
【 Daxia Kl.大侠炭火羊腩煲 KL 】
📍 OKR AUTO CITY LOT 4426F Jalan Klang Lama 58000 Kuala Lumpur 58000
🕕 4pm- 12am
📱012-615 6077
.
Facebook: https://www.facebook.com/DAHUPKL
.
✏️Credit: #大码小编
📷Photo: Xin Tong
记得关注 #大马搵食Kaki #MyEatKaki 获取最新衣食住行咨询！",https://www.facebook.com/myeatkaki/posts/pfbid0iTtiW4RpyttJK4i4fN7zFV9cNJvXYnsmaW2h31kexJTHz8qxawa597yU8Ja1Qdfml,Photo,104281,102,423,233,758,,6383,1656,8039
任吃烤肉&火锅😍 6人同行1人免费🔥,"#揾食kaki 
任吃烤肉&火锅😍
6人同行1人免费🔥
.
同时爱吃🍲又爱吃烧烤🔥的kaki！你们肯定不会不知道【 TLC BBQ & Cafe烤霸 】吧❓
这可是可以同时满足你 #一次过吃到2种吃法 的欲望🤤
.
店内共有80多种的串串任你吃❗️而且还有多种肉类（鸡、羊、猪、牛）可以选择，腌料更是有12种多样选择：黑椒、当归、麻辣、特色、蜜糖蒜香、五香、咖喱、姜蓉、酱油、仁当、香茅和娘惹😍任拿任吃，还有360°自动旋转串串帮你烤，超方便👏
.
另外火锅部分的汤底共有5⃣️种选择，清汤、酸辣Tomyam🌶️、番茄🍅、麻辣🌶️和菌菇！重点在汤底是不会跟你加价👍让你喝饱吃足没烦恼❤️吃不饱另外还可以加点Ala Carte or 升级套餐 都没问题👌
.
Buffet价格分为3种：成人RM49.80++ 🍲小孩RM24.90++ 🍲乐龄人士RM44.80++
🔥即日起有 #限时优惠：6人同行1人免单哦！ 
爱吃肉食的你在等什么，赶快jio你的kaki一起来开吃咯😋
.
【 TLC BBQ & Cafe烤霸 】
📍 No.98, 1, Jalan Dataran Cheras 5, Dataran Perniagaan Cheras, 43200 Balakong, Selangor
🕕12pm - 3pm （Lunch Buffet）；5pm - 12am（Dinner Buffet）
📱0127870313
📌分行： Puchong，Sri petaling ，Balakong ，SS2，Klang
.
Facebook: https://www.facebook.com/TLCBBQCafeBalakong?mibextid=LQQJ4d
Instagram: https://www.instagram.com/tlcbbqcafe/?igshid=OGQ5ZDc2ODk2ZA%3D%3D
.
✏️Content Creator： #大码小编
🎤Host： #大码小编
📹 Videographer：Amy
🎬Editor：Amy
记得关注 #大马搵食Kaki #MyEatKaki 获取最新衣食住行咨询！",https://www.facebook.com/myeatkaki/posts/pfbid02twY4xUsgzpioR4gimaWR4EinQi3veL8gvb5GvxQht2yPtmdV4r3XXUUW2GWrQG1Dl,Video,101315,79,622,231,932,54,,9190,12613
,"#揾食kaki
Segamat📍 老字号咖啡店！☕
✨回味小时候早餐的味道～
.
#昔加末Segamat 人的早餐据点——【新东亚茶室】，这家是当地的老旧咖啡店茶餐室。怀旧复古的店面，基本上都是 #当地居民会光顾 的，老人家都爱点一杯咖啡吃面包。🍞
.
✨网友推荐✨：
🍜云吞面：酱油味比较重，面条很Q弹。炭火烧腊黑玻璃叉烧！
☕浓浓的海南咖啡冰：古早香醇浓郁
🍞牛油kaya吐司：烤到很香脆，用料也很足，kaya甜而不腻
🍳半生熟鸡蛋：搭配烤面包一起吃！
.
【Sin Thong Ah Coffee Shop】
📍地点：7, Jalan Awang, Kampung Gubah, 85000 Segamat, Johor.
🚗走起：https://petalmaps.life/84ajjraz
⏰营业时间：8am - 630pm （星期天休息）
.
如果最近有经过segamat，可以去试试哦～
.
✏️Credit: #小云小编
记得关注 #大马搵食Kaki #MyEatKaki 获取最新衣食住行咨询！
[感谢赞助商，要玩就要玩最安全的 @eclbet  ]",https://www.facebook.com/myeatkaki/posts/pfbid0cb3hLJG7hk1Z3YfjNj993VtVtW2PaSj2XzK4r2GEJyKZ4twRWxBKKe7Xe4ePKsjGl,Photo,99110,94,397,118,609,21,4905,1441,6367
,"#资讯kaki
💡教你一秒看懂barcode
原来barcode早就告诉了我们他的“出生地”
.
不同国家生产物品都会有自己的代码😲，所以barcode不只是结账💵的时候有用，我们也可以通过barcode得知物品的原产地，不容易被骗🙅🏻‍♀️
.
✏️Credit：长不大小编
记得关注 #大马搵食Kaki #MyEatKaki 获取最新衣食住行咨询！
[感谢赞助商，要玩就要玩最安全的Eclbet]",https://www.facebook.com/myeatkaki/posts/pfbid06sVbM2g41mUY3XM8TukV48FB7Vt6gN2F43M3ecx723nF3quRkRqsnYvyQNxC4vH4l,Photo,98541,21,487,735,1243,1,2035,1164,3191
,"#揾食kaki
KLCC夜景下的Mamak😍
平民价❗️还有Live Band听
.
小云小编发现一家隐藏在📍KL Kg Baru的 #平价夜景Foodcourt——✨【Port Lepak Mamak Foodcourt】✨！这里可以欣赏到 #迷人的KLCC夜景，还有Live Band可以听～
.
而且这里的食物选择也很多，#价格超亲民！😍Milo冰沙一定要试试！如果想要跟朋友们找地方吹水，这里绝对可以省钱啦！赶紧叫上朋友来这里yumcha咯～
.
【Kantin Mini Kampung Baru】
 📍Jln Datok Abdul Malik, Kampung Baru, 50300 Kuala Lumpur, Wilayah Persekutuan Kuala Lumpur
🚗走起：https://petalmaps.life/2p92bk4t
.
✏️Credit: #小云小编
记得关注 #大马搵食Kaki #MyEatKaki 获取最新衣食住行咨询！
[感谢赞助商，要玩就要玩最安全的  @Eclbet   ]",https://www.facebook.com/myeatkaki/posts/pfbid0iNRyvh3ziuCBN7F5jPPZ9Yxq8yQuFcAp4Sv3p49iamXqGnChAnpns5np25Wt8z6Jl,Photo,98270,92,305,244,641,30,5700,913,6643
,"#邮轮kaki
带BB一起上邮轮 仪式感MAX😍
👫2人同游 体验7种海上浪漫🔥🔥
.
不要再浪费时间精力👀，做攻略和安排行程啦～
🚢直接带你的BB，来场 #浪漫的邮轮之旅 肯定lam死你😍
.
乘搭 #全亚洲最大邮轮之一【海洋光谱号 Spectrum of The Seas】和BB一起完成 #7种海上浪漫清单，直接仪式感&浪漫氛围MAX🔥🔥🔥
.
目前我们有 #2人同游促销👫 乘搭 #亚洲最大邮轮✨1人最低 #只需RM1488
【Spectrum Of The Seas 海洋光谱号】
🚢3种游轮Route 任你选：
4天3晚👉从新加坡出发 ➡️ 槟城️ ➡️ 新加坡
5天4晚👉从新加坡出发 ➡️ 槟城 ➡️ 泰国Phuke t➡️ 新加坡
6天5晚👉从新加坡出发 ➡️ 巴生港口 ➡️ 槟城 ➡️ 泰国Phuket ➡️ 新加坡
.
全套超值优惠配套ALL IN👇
✨FREE 7家高级餐厅吃到饱（包括免费送早餐到房间😋）
✨FREE 每天看最强阵容的特定Show表演🎪
✨FREE 玩超过20种以上的游乐设施&工作坊🎯
✨FREE 看星星泡Jacuzzi🛀
✨FREE 看电影🎬
🔥FREE 提升客房 （附带条件）
🔥巴士接送到邮轮码头，超值折扣RM120⚡️
⚠️配套包含港口费&税务等费用
开放报名日期：即日起至2023年7月31日 #先到先得
.
只需带上行李，就能好好chill☺️  #不用烦这个那个 #吃喝玩乐拉撒睡_ALL_IN❗️
🚢邮轮旅行就是让你享受『上船玩乐、下船玩景点』#海上陆地2大体验❗️
🔴船靠岸就可以登陆逛当地景点，吃+逛当地的美景美食
🔵累了就返回船开始你的Happy Time，想睡到自然醒、吃到饱、玩到嗨，都随你❗️
.
马上PM我们，抢下优惠和另一半开启一场 #特别又浪漫 的海上旅程🚢
.
【Malaysian Harmony Tour & Travel Sdn Bhd】
Tel: +60321102331
WhatsApp: wa.link/ac5361
【Asia Cathay Travel Sdn Bhd】
Tel: +60321425566
WhatsApp: wa.link/8o4qwg
.
【CruiseMasterMalaysia 】
📱FB：https://www.facebook.com/CruiseMasterMalaysia
📱IG：https://www.instagram.com/cruisemastermy
🔗官网网站：http://www.malaysianharmony.com.my/
.
✏️Credit: #咩小编
记得关注 #大马搵食Kaki #MyEatKaki 获取最新衣食住行咨询",https://www.facebook.com/myeatkaki/posts/pfbid07sGNrEvq7uUTvcme68St5poJSgnV6s62JfiSVEK1iVQ6W6SrTWG49UMus5L1GozFl,Photo,95432,39,162,91,292,80,5447,1300,6307
,"【Garlic Roasted Chicken Rice  】
📍35, Jalan PJS 11/9, Bandar Sunway, 46150 Petaling Jaya, Selangor
🕕 8am-2pm
.
记得关注 #大马搵食Kaki #MyEatKaki 获取最新衣食住行咨询！
[感谢赞助商，要玩就要玩最安全的 @𝐄𝐂𝐋𝐁𝐄𝐓 ]",https://www.facebook.com/reel/314207684275128/,FB reel,93887,82,866,366,1314,,,,
,"【Chicken Chop Station】
📍Wisma Central KL (Ground Floor)
🕕 12pm-5pm (Sunday Off)
📱 013-710 3814
.
.
记得关注 #大马搵食Kaki #MyEatKaki 获取最新衣食住行咨询！
[感谢赞助商，要玩就要玩最安全的 @𝐄𝐂𝐋𝐁𝐄𝐓 ]",https://www.facebook.com/reel/780779793781671/,FB reel,92170,49,1015,459,1523,,,,
,"📱在家也可跟朋友一起玩‼️
🆓免费多人联机游戏～
.
😝懒惰跟朋友出去聚餐？外面的 #狼人杀、 #剧本杀、 #密室逃脱 又太贵？💰
不如试试这几款 #多人联机游戏 吧！📱只要有wifi，无论朋友们在哪里，大家都能连线一起Happy啦～
.
✏️Credit: #小云小编
记得关注 #大马搵食Kaki #MyEatKaki 获取最新衣食住行咨询！
[感谢赞助商，要玩就要玩最安全的 @𝐄𝐂𝐋𝐁𝐄𝐓 ]",https://www.facebook.com/myeatkaki/posts/pfbid02L2DTx1CnURAhrP7nFXRUhETBDqsDNANpjd7wgrb53XsuhFG9Zo6Hj3CTXejsirZpl,Photo,90919,92,211,394,697,,7432,1625,9057
,"#资讯kaki
原来女生经期时这些食物都不能吃🙅🏻‍♀️！
尤其是本身就体弱😷，经常手脚冰冷的女孩。
.
👦🏻男生们也记得赶紧收藏起来哦！
在她生理期时提醒她，让她在特殊时期时也能感受到你满满的爱❤
.
✏️Credit: 长不大小编
记得关注 #大马搵食Kaki #MyEatKaki 获取最新衣食住行咨询！
[感谢赞助商，要玩就要玩最安全的 Eclbet ]",https://www.facebook.com/myeatkaki/posts/pfbid02dd7Tqn76iP7VK5i8pjiDC8NBLN2kHxcSJePLqbzFRZyLSGpqCFkhfkguPmdjDphMl,Photo,90591,12,170,161,343,,13507,614,14121
,"#揾食kaki
大山脚📍 10个早餐好去处‼
槟城人认证！😍便宜又好吃！
.
这个周末谁打算去槟城玩呀？不如 #去大山脚揾食啦～
小编这里推荐大家【 #10个大山脚早餐】
.
1️⃣ 阿坤Nasi Lemak Nasi Lemak Bayu Mutiara
地址：19, Jalan Bukit Tengah, Taman Bayu Mutiara, 14000 Bukit Mertajam, Pulau Pinang（Icon City对面的洪山公）
营业时间：7am-9点多或卖完为止（星期日和一休息）
2️⃣ 第一风味小笼包
地址：4, Lorong Maju Jaya 2, Pusat Perniagaan Maju Jaya, 14000 Bukit Mertajam, Pulau Pinang
营业时间：5.30am - 11.30pm （星期一休息、公共假期照常营业）
3️⃣ 广西福建面
地址：150 Jalan Datuk Ooh Chooi Cheng , Bukit Mertajam, Malaysia
营业时间：请留意他们的FB官网： https://www.facebook.com/profile.php?id=100063622750752
4️⃣阿善福建虾面
地址：1156, Jalan Gereja, Kampung Permatang Tinggi, 14100 Bukit Mertajam, Pulau Pinang
营业时间：7AM - 5PM（星期三休息）
5️⃣ 伯公埕白云吞面
地址：大山脚伯公埕 Jalan Pasar, 14000 Bukit Mertajam
营业时间：6am – 11am
6️⃣ 芋头饭@Sentosa Corner
地址： 1, Jalan Sentosa, Taman Sentosa, 14000 Bukit Mertajam, Pulau Pinang
营业时间：7:30am – 6pm（星期一休息）
7️⃣ 丽山花园咖喱面
地址：Jalan Bukit Kecil, Taman Bukit, 14000 Bukit Mertajam, Pulau Pinang
营业时间：6AM - 11AM（星期一休息）
8️⃣ 菊花园
地址：Solok Bunga Kekwa 2, Taman Kekwa, 14000 Bukit Mertajam, Pulau Pinang
营业时间：8AM - 4PM（星期四休息）
9️⃣ 麦哥一碗面 SS 9 KOPITIAM
地址：55, Jalan Alma Jaya, Taman Budiman, 14000 Bukit Mertajam, Pulau Pinang
营业时间：7.30am-2pm（星期一和二休息）
🔟 大山脚盖饭
地址：74, Jalan Danby, 14000 Bukit Mertajam, Pulau Pinang
营业时间：6.30am-9.30pm（星期三休息）
.
✏️Credit: #小云小编
图片来源：小红书博主，若有冒犯请告知。谢谢！
记得关注 #大马搵食Kaki #MyEatKaki 获取最新衣食住行咨询！
[感谢赞助商，要玩就要玩最安全的 @eclbet   ]",https://www.facebook.com/myeatkaki/posts/pfbid0429dnC1GTmW4EL6YJa9ZE44AkGbjVNvm6ET6AncoJxpio14voWa3dw5yHvCQXYx2l,Photo,90325,58,246,307,611,,6553,929,7482
,"#网络用语kaki
👍【2023网路流行用语】👍
现在人讲话越来越难懂！😫
.
这已经不是00后的专用语言了～现在在各大社交平台都能看到一堆让人一头雾水的词语：#PUA你？#CPU你？#柠檬精？凡尔赛？这些到底是什么啦！一个都没看懂～🤯
.
所以今天小编就要跟大家科普一下【2023网路流行用词】赶快学起来！
.
✏️credit: #小云小编
记得关注 #大马搵食Kaki #MyEatKaki 获取最新衣食住行咨询！
[感谢赞助商，要玩就要玩最安全的 Eclbet ]",https://www.facebook.com/myeatkaki/posts/pfbid02wwj6XjgDkHh7boZBd2FFrVPoa27KvCuBvk9xYTGQeRqvFTUFtPDWjEP7GfWiTWyyl,Photo,87768,88,489,637,1214,1,12295,1401,13679
,"#电影kaki 
🎥GSC全新亲子戏院❗️
戏院➕超大滑梯➕游乐场！
.
🎞️ #GSC全新亲子戏院，全马只有6️⃣间Mall有！
全新的【GSC Playplus】，里面有戏院+超大滑梯🎢和小型游乐场！说是想让家长们享受亲子时光，可是真的可以咩？
.
GSC Playplus影院内部设计也是明亮可爱，😝非常colourful~ 里里外外都有儿童专属设施，孩子可以尽情玩耍，大人就可以看电影
SHOPEE Ticket: https://shope.ee/LJJxxykhq
.
目前所知的【GSC Play Plus分行】：
📽️GSC IOI Mall Puchong
📽️GSC 3 Damansara Tropicana City Mall
📽️GSC Tropicana Gardens Mall
📽️GSC Mid Valley Southkey Johor
📽️GSC AEON Falim Ipoh
📽️GSC IOI City Mall Putrajaya
.
🤔不过带着小孩去看电影，真的能安心看的咩？
.
✏️Credit: #小云小编
记得关注 #大马搵食Kaki #MyEatKaki 获取最新衣食住行咨询！",https://www.facebook.com/myeatkaki/posts/pfbid0dtZ9cWb9KyHEUQhpgvA6iifxuoXqRidmPCbEqbzUw81RcrHjvYhMUKLib6jV1jVl,Photo,87492,59,186,144,389,8,5116,1083,6207
,"【大马物价10年前VS10年后】
只有最后一项保持不变，你觉得靠你现在的薪水，你还能活多久？🤔🤔
.
KWSP还贴心的帮我们算了每月开销，你觉得合理吗？
https://www.facebook.com/myeatkaki/posts/pfbid02D2AGVuBuHd5W2Wjbp2G1XxqGbKvNiyNKbV15J5DV9yuxq34PFKTDMhvZkXrW2iULl
.
✏️Credit: #小云小编
记得关注 #大马搵食Kaki #MyEatKaki 获取最新衣食住行咨询！",https://www.facebook.com/myeatkaki/posts/pfbid0J55LGVqXxNVhmCiKpcUDVbNptLSHdTJnokEQkGUHXgEcY3ghkSRsWFymHHupUdx5l,Photo,87398,119,1042,301,1462,,1798,4066,5864
Cheras餐车 一桶桶的水果炒冰!!,"#揾食kaki
Cheras餐车
一桶桶的水果炒冰!!
.
🌞大马最近的天气，真的是热到～～～behtahan啊！每次很热的时候，是不是都想买一些冰冰凉凉的甜品/饮料消暑叻😍
.
位于Mahkota Cheras餐车街的【可思億桶冰】，就卖着 #一桶满满的水果炒冰 啦🤤 平时吃一支ice cream很普通啦，现在要吃就吃一桶一桶的炒冰，这样才过瘾！
.
#Signature水果炒冰系列🥭🍇 老板直接 #放一整颗水果 下去炒！虽然说是炒冰，但是没有放任何一块冰！是用纯正的冻水果炒起来😍再加上➕QQ的Jelly，口感超丰富又绵密😍 
⚠️一桶炒冰 #分量很大，建议2-3的人share着吃
.
#茉莉冰沙系列 小编点了🍉吃瓜群众 和 🍇萄你欢心，这款应该很多小姐姐都爱❤️ 因为他是水果冰沙+水果果肉+茉莉茶香+白珍珠🐚 夏天来一杯，真的清爽又解渴💧
.
#水果茶系列 #小编私心推荐点 🍑桃气茉莉，淡淡的桃子香味+很香的茉莉茶味+桃子果肉，味道真的很refreshing
.
🍫巧克力控可以点他们的 #巧克力冰沙，老板竟然用Hershey Choco来做挂杯！整杯饮料都是很浓的巧克力味+上面撒满oreo饼干碎🍪，真的是GAOGAO！
.
天气热想要解暑又想吃到好吃炒冰的kaki们，赶快冲一波咯！！🏃‍♀️
FB:https://www.facebook.com/KOSMAJUTRADING
.
【 可思億桶冰 】
📍Public Bank Cheras Mahkota（对面的餐车街）
🕕11am - 8pm
📱014 - 962 9878
.
🎤Host:  #咩小编
🎬Videographer: Xin Tong
🎬Editor: Pyco
记得关注 #大马搵食Kaki #MyEatKaki 获取最新衣食住行咨询！
[感谢赞助商，要玩就要玩最安全的 @𝐄𝐂𝐋𝐁𝐄𝐓 ]",https://www.facebook.com/myeatkaki/posts/pfbid0BruBn6ipBze35gEYB4s1NWmRcJGakpj63u5Dnn3JqdAzr75KXPrNonaymjjWUJCHl,Video,86101,141,799,342,1282,82,,6129,10063
,"#安顺📍 惊现蒙古包！😎
在华人新村里体验蒙古生活🔥
.
霹雳也有 #蒙古包住宿 啦～就在安顺——【Rick Resort Teluk Intan】‼️
五颜六色的蒙古包，真的很适合 #打卡拍照！📸蒙古包住宿还包括泳池🏊‍♀️、脚踏车🚴‍♀️、户外躺椅等等，绝对适合放慢脚步，慢慢欣赏新村风景～
.
不如趁周末，约上一班朋友一起去体验到蒙古包住宿吧~
.
【Rick Resort Teluk Intan】
📍地址：Lot 31156, Taman Tow Yuan, Jalan Woo Saik Hong, 36000 Teluk Intan, Malaysia
🚗走起：https://petalmaps.life/bdk7yxac
.
✏️Credit: #小云小编
记得关注 #大马搵食Kaki #MyEatKaki 获取最新衣食住行咨询！",https://www.facebook.com/myeatkaki/posts/pfbid0qWtF73uoj2bGoD81f8oHhaoeUfGhybQaotxq1vGL8pjLwXgQaEjpEzvyvTMkH1nGl,Photo,84027,34,236,164,434,58,4697,683,5438
,"#结婚kaki
📅 7月21 - 23日 Mid Valley 婚纱展👰‍♀️🤵‍♂️
最划算配套‼️ 还送RM50k礼品🎁
.
正准备要筹备的 #新婚夫妇💑，婚拍绝对也是会让你烦恼的其中一个环节～ 找摄影师、化妆师、婚纱礼服、场景等，全都是要花很多时间和金钱的叻～
✅想要省budget ✅最短时间settle  ✅婚拍一条龙服务
那就一定要去📍 Mid Valley Exhibition Centre 的 #婚纱展
.
┏━━━━━━━━━━━━━━━━━━┓
【 Mid Valley Wedding EXPO 】
📅活动日期：2023年7月21-23日（星期五-日）
⏰活动时间：11am – 9pm 
📍活动地点： Mid Valley Exhibition Centre
🏠摊位Booth：Hall 3, Booth No A3
┗━━━━━━━━━━━━━━━━━━┛
.
专业的服务团队，帮你一次过搞定你们的梦想婚礼❤️来这里买配套，还有好礼等你来拿🎁
✨  推出超多Special Promotion
✨  凡买配套都可享RM2000的现金折扣
✨  专属客制化配套
✨  有买就有机会获得总值RM50000礼品
✨  婚纱礼服全开放，任你挑
✨  拍摄后的底片全归还，让你珍藏
.
绝对能安排最适合你的 #量身定制婚纱摄影🤩 提供最新的拍摄场景🔥全马最大影楼&室内实景拍摄❗️还可以选择在本地或预订海外拍摄配套～无论是中式、韩式还是欧式风格，全部任你选😍 
.
一条龙服务，就是让你什么都不用烦，只要人到场就可以轻轻松松拍到美美哒的婚纱照啦～🤩赶快约你的另一半逛Mid valley婚纱展咯‼️
.
✏️Credit By：#大码小编
记得关注 #大马搵食Kaki #MyEatKaki 获取最新衣食住行情报！",https://www.facebook.com/myeatkaki/posts/pfbid02zmm3W9HiA999XZsQihivLuRjT6gUT5soN5qM38NaMd3ePQwy4MtdzDxNsQ3wjg54l,Photo,83997,10,381,23,414,9,9202,913,10124
,"#揾玩kaki
关丹📍超逼真侏罗纪公园🦕
🎫入门票只需RM25
.
关丹📍最新 #亲子游好去处‼️超逼真的 #侏罗纪时代恐龙园 最便宜只需RM22🦕🦖
.
小编要推荐的就是这家——🦖【Dinosaur Encounter - Zoo Teruntum】🦖。乐园分为两个区域：
肉食恐龙🥓和草食恐龙🌿；每只恐龙还可以发出低吼的叫声,超真实！除了恐龙之外，这里还是一个 #小型动物园，里面还有很多动物和鸟类。
.
门票价钱：
✅成人：rm25
✅四岁以上儿童／乐龄人士：rm22
✅四岁以下免费
.
【Dinosour Encounter Zoo Teruntum】
📍地点：Jalan Padang Golf,25050 Kuantan Pahang.
🚗走起：https://petalmaps.life/yd6b8ah8
⏰营业时间：10am-6pm
.
✏️Credit: #小云小编
记得关注 #大马搵食Kaki #MyEatKaki 获取最新衣食住行咨询！
[感谢赞助商，要玩就要玩最安全的 @𝐄𝐂𝐋𝐁𝐄𝐓 ]",https://www.facebook.com/myeatkaki/posts/pfbid02S6duhFNcAMAmaYhqpEduyNmzRWX7tRcfw6QhyF3h4dUNvWfJmvy89KsPT15QNUi8l,Photo,81927,164,469,373,1006,62,5952,1379,7393
,"#揾食kaki
KL 最多创意口味曼煎糕🔥
超大份😍 附近上班族最爱！
.
下午茶不懂要吃什么？？这家隐藏在📍KL路边的 #号称最多创意口味 的Apom Balik，看到简直流口水🤤每一片都是abang新鲜煎好的，保证热腾腾🔥
.
总共有 #8种口味，像Chocolate、Oreo、Nestum、Peanut Butter、Cheese、Nutella、Ovomaltine，还有小编最爱的Lotus Biscoff‼️
.
价钱大概在RM7-RM18，价位稍微有点高
久久吃一次还是ok的～
.
【 Apam Balik Resepi Wak@Kg Baru 】
📍  Jalan Raja Uda, Kampung Baru, 50300 Kuala Lumpur, Wilayah Persekutuan Kuala Lumpur
⏰ 12pm - 7pm (星期一休息)
📱017-313 1604
🚗走起：https://petalmaps.life/3dk5eenk
.
✏️Credit By：#咩小编
📷照片来源：FB-@HanQi、@JufriadiPutra、@Apam Balik Resepi Wak
记得关注 #大马搵食Kaki #MyEatKaki 获取最新衣食住行咨询!
[感谢赞助商，要玩就要玩最安全的 Eclbet  ]",https://www.facebook.com/myeatkaki/posts/pfbid0LTmkRtMJz92RVUHPFW7qGxd1cJdJDvtyhfrpkH4ysupatyHwwPGzutSEnLEfhFj5l,Photo,80256,18,236,70,324,23,5711,535,6269
,"#揾玩kaki
 Langkawi海上度假屋
无敌海景浴缸！
.
#Langkawi 高脚屋海上度假屋🌊，白白的沙滩、清澈的海水，感觉就像去到 #马尔代夫！而且度假屋的设计，让大家可以 #面对着海洋泡浴！简直太棒啦‼
.
每间度假屋都建在海上，露台贴心的摆放着木藤沙发，很适合 #看日出和夕阳❤️，太浪漫啦～而且这里的度假屋都是靠山而建，所以无论选到什么房间，都可以欣赏到漂亮的风景～
.
正在打算来个short trip的你，可以考虑这里咯～
【Berjaya Langkawi Resort】
📍地点： Karong Berkunci 200, Burau Bay, 07000 Pantai Kok, Malaysia
🚗走起：https://petalmaps.life/2p8ew2pc
.
✏️credit: #小云小编
记得关注 #大马搵食Kaki #MyEatKaki 获取最新衣食住行咨询！
[感谢赞助商，要玩就要玩最安全的 Eclbet ]",https://www.facebook.com/myeatkaki/posts/pfbid029JhcQd1P81U4284zuF4SRCrH3JfHviF51nHd6Ek15bFG6ivWpzBEfcCgJRT4rfFKl,Photo,79903,41,197,149,387,102,3080,601,3783
,"#揾住kaki
看KL全景的酒店！
入住8小时 最低从RM80起‼️
.
每次经过📍KL茨场街 看到一座“红红”的Building是不是很好奇叻👀 它就是 #全马首家 新中式【Yu Hotel】✨酒店的位置就在 #KL市中心，不仅✅地点美、✅交通方便 ✅价格也便宜‼️
.
不要看外面“小小间”，其实里面有5层，房间超多‼️还可能到KL三大巨头👉KLCC、KL Tower和TRX，真的很难得😍 
.
⚠最重要是这里只要經 Flow Malaysia 就可以按小时Book酒店，幾個小时起就可以入住🔥8小時最低从RM80起‼
#房型有5种， 像Standard Single、Standard Twin、Standard Queen、Superior Twin 和 Superior King👍 小编发现到 #房间大小是一样的，只是多了一套床而已🤔 但 #整体空间算很大，住2-3个人完全不是问题～～
特别适合👉情侣或好朋友到KL旅游/Staycation⛱️
.
#房间设备齐全 几乎该有的都有，像热水器、吹风筒、电视机、咖啡、耳塞等等！最特别的是这里还 #配有中国茶大红袍🍵 就连器皿台灯都很中式“青花瓷”Feel💨💨💨
.
小编能有 #便宜价格 预定到Yu Hotel，全靠 FLOW APP  Flow Malaysia 啦‼️因为它可以：
✨选择多，从经济型到豪华型酒店都能Book到
✨按小时Book酒店，不管是2小时、4小时或8小时都可以
✨立即Check in酒店，超方便
✨支持各种安全线上支付
✨每月超值促销
.
📣📣📣#限时优惠PromoCode📣📣📣
现在只需要 #下载Flow_APP ➕注册账号，输入「MYKAKI」就可以 #领取RM12折扣卷 啦～😍
.
FB: http://www.facebook.com/flowinmsia
IG: @‌flow_msia
Website：https://app.flowtheroom.com/my/en
.
【  YU Hotel  】
📍126, Jalan Petaling, City Centre, 50000 Kuala Lumpur, Wilayah Persekutuan Kuala Lumpur
.
✏️Content Creator: #咩小编
🎬Photo：#咩小编 & Jofia
记得关注 #大马搵食Kaki #MyEatKaki 获取最新衣食住行咨询！",https://www.facebook.com/myeatkaki/posts/pfbid02XqHqiaJ7yYCVrTUS8CVMUi18wkrBuxka3DNPKNFGorPKcLZeRrCBC2Q12QNFHMVil,Photo,79815,23,140,119,282,53,4807,991,5851
投影机最强用法 一秒拍网红照,"#电影kaki 
投影机最强用法
一秒拍网红照
.
LUMOS_DAWN投影仪，比手掌大一点点🤏 不管是要用在家悠闲 #看电影煲剧 还是 #超大屏幕打游戏，统统都能满足你的需求～😍
👉 #高清画质 1080p清晰度，给你身临其境的感觉！
👉 #3个模式 调整画面大小，个人/大型聚会都看的清楚！
👉 #2500流明亮度 帮你最大限度的还原真实颜色！
👉 #沉浸环绕式音质
👉 #内置超火APP 有Netflix, YouTube, Android OS，Wi-Fi，Bluetooth！
👉 #3秒组装 小编没看说明书就装好了😎厉害不～
.
📦3个盒子分别是投影仪和电线插口，底座，三脚架！ #三脚架 可以调节高度（60cm-120cm），不管你躺在Sofa/床 或是 开会都能调整出最适合和舒服的eye level👀✨ 然后再拿出投影仪和Cable，只要接对了HDMI插口，就可以用啦！
这是我们拍摄美观、创意照片的秘诀：#LUMOS_DAWN 家用投影仪
💰这里看价钱 👉  https://lumosprojector.my/myeatkaki
.
【LUMOS Projector】
Facebook: https://www.facebook.com/lumosprojectormy
Instagram: @‌lumosprojector_my
.
记得关注 #大马搵食Kaki #MyEatKaki 获取最新衣食住行咨询！",https://www.facebook.com/myeatkaki/posts/pfbid02UJJYkw23b6iRjBcsHJDj638vgPi3jU1befizXPSftDdhtJGuVhPi9azkCQv1u98Pl,Video,71221,2,176,31,209,90,,871,2135
,"#揾食kaki
爆红街头小吃芋泥饼🤤
手工芋泥给到像不要钱～
.
#芋泥控 在哪里❓💜这家老板“很过分”，#手工自制芋泥 给到好像不要钱一样💰😝
.
#超厚手工芋泥 夹在传统圆形咸饼，再拿去炸到变得更酥脆😋
最后撒上满满的芝麻，香上加香！
⚠️不喜欢芝麻的kaki们，可以跟老板 #要求不放芝麻 哦️‼️
.
每一颗都是 #现点现炸 ，记得买了趁热吃🔥不然味道会“跑”掉！
💰RM5/2颗
.
每天都可以在 #不同的夜市 找到他们的摊位【芋贵人】！
📍星期一 👉 KSL Pasar Malam
📍星期二 👉 Johor Jaya Pasar Malam
📍星期三 👉 东方花园 Pasar Malam
📍星期四 👉 Impian Emas Pasar Malam
📍星期五 👉 Gelang Patah Pasar Malam
📍星期六 👉 皇后 Pasar Malam
📍星期日 👉 Permas Jaya Pasar Malam
.
✏️Credit By：#咩小编
📷照片来源：小红书-@爱吃博主小倚、@E姐、@酱酱紫
记得关注 #大马搵食Kaki #MyEatKaki 获取最新衣食住行咨询!",https://www.facebook.com/myeatkaki/posts/pfbid0gHs3Jwpooc93e5cpqM1h7ryPrQnLsPTJwVtoieY6ayX1j7pZFNwoiJ7wDYmquH3zl,Photo,70088,9,146,42,197,1,4489,686,5176
,"#护肤Kaki
到Melvita免费换Sample
2种方法都拿到！不拿白不拿！
.
护肤品用完了，每次直接丢掉❓❓
NONONO～～不要拜白白浪费省钱机会✨来自 #法规天然护肤品 Melvita #欢庆40周年🎉🎉🎉推出了CLEAN-Cycling Movement活动‼️
。
现场只要跟着这2个方法，不仅可以 ✅ 现场测试皮肤水分，并# 带走护肤品小样😍， 还能 #兑换优惠卷，是不是一举两得叻～
.
📣📣 Melvita 限时环保优惠活动♻️
✅ 方法1
到全马所有Melvita分行 测试皮肤水份
然后就能带走 #适合你皮肤性质 的sample啦😍
.
✅方法2
7月-9月，所有 #护肤品空瓶 都能带来换sample😍 不仅没有最低限定，哪怕只有2瓶罐都能带来换哦～ 10份空瓶以上，还可以兑换RM10 voucher，当场买 当场扣😍
⚠️ 空瓶需要清洗干净～
.
Melvita其实法国当地的 #高端有机护肤品牌，里面完全❌不添加人工香料、色素和石油成分🥰 完全适合敏感肌的kaki们使用～
.
想要试用Melvita护肤品的kaki们，不要错过那么值得的好康咯！
.
Facebook: https://fb.com/MelvitaMY
Instagram: https://instagram.com/melvitamy
Website: https://my.melvita.com/
.
【Melvita】
📍全马分行: Mid Valley KL, KLCC, 1 Utama & Mid Valley Southkey JB
.
✏️Credit：#咩小编 & #bubu小编
📷Photo：Xin Tong
记得关注 #大马揾食kaki #MyEatKaki 获取最新衣食住行资讯！",https://www.facebook.com/myeatkaki/posts/pfbid02Zm83i79LdGBLKhRSnobFehSAVfAtjzwmbwSmWdVietDxFwmbjT9bFLroAjvcZj7Ml,Photo,68147,12,261,73,346,338,4984,5685,11007
,"#资讯kaki 
国家政府调整了ICPT，快来看看你家有受影响吗🤔❓
.
只要少过1500kWh的🏠住家用户同样可以 #得到回扣，可是对于1500kWh以上的住家用户则征收每kWh10仙🪙的 #附加费。
.
非住家的用户🏢（中小微型企业和特定农业部门）的电费保持不变，而供水和污水处理公司🏭从每kWh20仙降低⬇️至3.7仙。其他的非住家用户则从每kWh20仙降低⬇️至17仙。
.
政府每半年就会根据燃料费做一次调整。所以政府也呼吁我们使用☀太阳能，既能环保还能减少我们电费的支出😊
.
✏️Credit：长不大小编
记得关注 #大马搵食Kaki #MyEatKaki 获取最新衣食住行咨询！
[感谢赞助商，要玩就要玩最安全的 Eclbet]",https://www.facebook.com/myeatkaki/posts/pfbid023zwu6joapJenp3tSULsFru4Xhh2Kt15TRdysSRfyNJ6GmH1179QuESgDFKbtF75xl,Photo,66587,11,125,245,381,,9615,1019,10633
,"#好康kaki
保护手机📱除了给屏幕贴膜，最好的方式就是给手机穿上美美的衣服👚。
可是这几款超奇葩的手机壳你敢用吗❓❓
.
✨DIY 扎辫子腊肠嘴女孩手机壳
🔗Shopee：https://shope.ee/4fSW4d87gQ✅
✨菜刀/屎粑粑菜刀手机壳
🔗Shopee：https://shope.ee/2q0rtOBs2y✅
✨平底锅/屎粑粑平底锅手机壳
🔗Shopee：https://shope.ee/2q0rtOBs2y✅
✨敲木鱼加功德手机壳
🔗Shopee：https://shope.ee/6UuAGEhTMm✅
✨手枪手机壳
🔗Shopee：https://shope.ee/AK6spLW4lV✅
✨立体高跟鞋手机壳
🔗Shopee：https://shope.ee/1LC46qyJXV✅
✨美少女星月棒手机壳
🔗Shopee：https://shope.ee/3ptP5UAOrU✅
✨仿真鳄鱼/蜥蜴手机壳
🔗Shopee：https://shope.ee/4AWFU8lVZ6✅
.
✏️Credit：长不大小编
记得关注 #大马搵食Kaki #MyEatKaki 获取最新衣食住行咨询！
[感谢赞助商，要玩就要玩最安全的Eclbet]",https://www.facebook.com/myeatkaki/posts/pfbid0QrtPE5mjpEgYWWWHUVR4KuVYZtVV2anYYFywspXvd6Q6YRyLJtc5nWrVWTGWHx6gl,Photo,65063,26,73,22,121,61,4798,462,5321
,"#揾食kaki
马六甲新开最平价海鲜烧烤🐚
3串超值Siham只要RM5‼️
.
终于不用日晒雨淋的吃Longkang Siham啦😍 小编找到一家位于马六甲  #超平价海鲜烧烤店 【哇蛤蛤 Cockle Station】这里不仅 #环境卫生好，还可以吃到各种很新鲜的🐚海鲜烧烤和小吃🦪 重点价钱也很便宜！
.
1⃣️ 哇蛤蛤招牌系列
👉 招牌啦啦 和 Siham分量刚刚好一碟RM6，配上老板自制泰式辣椒酱，酸酸辣辣超开胃😍
👉 鱿鱼擁菜，烤豆腐，烧烤四宝也是必点小吃

#小编炸裂推荐，全场BBQ烧烤只要RM5‼️不管点什么都是全场RM5，就连超值Siham也一样🔥🔥🔥
👉 烤到刚刚好，味道偏孜然味+白芝麻香！
⚠️ 海鲜大小会根据季节变动
.
单吃小吃不过瘾❓❓别怕，这里还有各种主食任你选✨ 其中 小编推荐的 #上汤啦啦米 和 #冬阴功啦啦米 分量超级大（适合2-3个人吃），价钱竟然只有RM15.90⚡️⚡️⚡️
.
#每日糖水 Menu都会不一样，需要看商家当天推出哪一款糖水～～ 小编点了罗汉芦荟和绿豆汤，味道都是偏清甜，喝起来很顺口🤤🤤
.
下次到马六甲想吃海鲜烧烤，特别是Siham的话，就可以来到这里吃啦🔥
.
【 哇蛤蛤 Cockle Station】
📍27, Jalan KSB 16, Taman Kota Syahbandar, 75200 Melaka.
🕕12pm-10pm (星期三休息）
FB:https://www.facebook.com/profile.php?id=100090982706760
IG:https://www.instagram.com/cocklestation/.
✏️Content Creator: #咩小编
📷Photo：XinTong
记得关注 #大马搵食Kaki #MyEatKaki 获取最新衣食住行咨询！",https://www.facebook.com/myeatkaki/posts/pfbid0bw9jVyNKZGiTmGcv71V2ja3yZuT5jdpPspNyt7F2z68CpgdWtZY6Dhv54GboWpZwl,Photo,62285,22,180,92,294,1,1916,638,2555
,"#揾食kaki
吉打📍 竟然有那么美的cafe!☕
夕阳+海浪+咖啡 绝配‼
.
没想打吉打还有那么漂亮的地方！#金色沙滩⛱、大海🌊和温暖的阳光🌞，再搭配一杯弄弄的咖啡，这个假期真的很圆满！今天小编要推荐的是最近📕 #小红书爆红的Cafe，位于吉打的——【Ngopi Pantai】
.
除了咖啡，这里还有精致的糕点和美食。（多数是面包类啦～）
如果想要远离喧嚣，抛开烦恼，#短暂的释放压力 的话，小编真的很推荐这个Cafe
.
【Ngopi Pantai】
📍Address :Cenang Hill Beachfront Lot 113, Tasik Anak, Teluk Bharu, Jalan Pantai Tengah, 07000 Langkawi, Kedah
⏰营业时间- 08:00AM–8:00PM
.
✏️credit: #小云小编
记得关注 #大马搵食Kaki #MyEatKaki 获取最新衣食住行咨询！
[感谢赞助商，要玩就要玩最安全的  Eclbet  ]",https://www.facebook.com/myeatkaki/posts/pfbid02r32RHmKSXV6J1UyLbjNa2U5T9kkU6fHKAjGGh4tf4mWrZGwWq44nEhyL6Dun84xLl,Photo,61950,54,247,200,501,,2379,587,2966
,"#好康kaki 
Puchong📍 任吃 #A级挪威三文鱼🍣Buffet只需RM128++‼️
 4人同行，7月寿星就可享-50%优惠🔥
.
爱吃 #生鱼片 的kaki👋你一定要知道这个消息🔥🔥🔥
【 ITO Japanese Restaurant 】准备要 #限时两周优惠价‼️ 只要RM128就可以任点任吃buffet的任何一种 #Salmon餐点🍣 吃到饱吃到爽❗️
.
📣📣📣 三文鱼限时Buffet优惠 📣📣📣
Buffet日期：7月11-23日（两周优惠）
Buffet时间：6.30pm - 9.30pm
Buffet 价钱：
✅一人只要RM 128，menu上的三文鱼都任叫任吃 
✅一人只要RM 188， menu上的三文鱼都任叫任吃➕sake无限refill
**7岁以下儿童店内buffet用餐一律免费 #FREE
🎁当月寿星（7月）4人同行寿星1人享半价‼️父母55岁以上吃也可享半价！
.
他们家的🐟三文鱼真的是顶级之一🤩都是使用了挪威进口🇳🇴 肯定FRESH，口感特别鲜甜，吃多不腻！给的每一片生鱼片都是很豪迈地在切，每一口都是满足感😍 
赶快TAG你爱吃三文鱼的kaki，jio埋日期走起咯🔥🔥🔥
.
【 ITO Japanese Restaurant 】
📍 G-35, Jalan Puteri 4/8, Bandar Puteri, 47100 Puchong, Selangor
🕕 5.30pm-9.30pm （Buffet时段： 6.30pm - 9.30pm）
📱 0129790999（预约）
.
Facebook: https://www.facebook.com/ItoJapaneseRestaurant/
Instagram https://instagram.com/ito_japanese_restaurant/
📔Electronic Menu [E-Menu]: https://www.facebook.com/ItoJapaneseRestaurant/menu/
.
✏️Credit: #大码小编
📷Photo: Xin Tong
记得关注 #大马搵食Kaki #MyEatKaki 获取最新衣食住行咨询！",https://www.facebook.com/myeatkaki/posts/pfbid022bobgA333ATNMp6VdtM5uj5EnJrtg1gNxi4hUN5vZBzdMHRQnRZzaGA7p2vUa2dSl,Photo,60055,67,258,89,414,84,3840,2436,6360
,"菩提日超大型素食美食街！
📆8月5日｜📍Hall A, MAEPS Serdang
接近40个美食摊位&餐车🍜
.
📢📢号外❗️号外❗️来临的📆8月5日周末找吃找好玩的朋友，这里有一场超大的素食美食街等着你啦～当天正值观音成道日，菩提禅修举办了✨ 《菩提日·观音菩萨爱你》活动🍊，现场还会有很多丰富的环节等你参与！
.
💫 活动亮点：
🌈 美食街：接近40个美食摊位 & 餐车
🌈 以RM1购买安慕希雪糕，数量有限，先到先得！！
🌈 十全十美满愿结：带着家人和另一半来许愿祈福，打卡拍照吧！
🌈 儿童彩绘比赛：带上家里的小朋友来参与，赢取丰富的奖品（有机会赢取Nintendo Switch噢！）
报名表格：https://forms.gle/Ft7BmiG8ZHPHyfbe7
🌈 书法工作坊：赖全合，书法家兼画家将亲自授课
🌈 幸运抽奖：有机会抽到实用的居家电器用品
🌈 绕场念佛
🌈 能量加持
.
🍝美食街会以素食为主，当天会有接近4️⃣0️⃣个美食摊位及餐车，保证大人小孩都能找到你的最爱！😍活动当天将展出金菩提宗师赐予马来西亚的 大圆满千手千眼观世音菩萨 殊胜佛像供来宾们绕场念佛、瞻仰、供养和许愿！
.
.
《菩提日·观音菩萨爱你》活动详情：
📆  日期：5/8/2023（周六）
⏰  时间：9am-4pm
📍  地点：Hall A, MAEPS Serdang
🎫  购票通道（RM10/票）：http://bit.ly/BodhiDayTicket

.
欲知查询更多，请到他们的Facebook咨询吧🔗：https://www.facebook.com/BodhiMeditationMY
或 WhatsApp至：011-1155 3102
.
这个周末没事做，不如带家人孩子一起参与吧～
.
✏️Credit: #小云小编
记得关注 #大马搵食Kaki #MyEatKaki 获取最新衣食住行咨询！",https://www.facebook.com/myeatkaki/posts/pfbid0AtDk6v1nNEeV4vempDRB4hhjKukgJ1ikH8WSw1YrMQFaTa1nmAz25x9Frky2Yzacl,Photo,59221,11,633,198,842,54,4104,1485,5592
,"#旅游kaki
Langkawi📍 巴厘风度假酒店😍
独立露天泳池+沙滩美景‼️
.
每次去 #Langkawi 都要去老鹰雕像打卡、买巧克力、买酒？
小编绝对Langkawi的海边也很不错的！✨而且最近发现一个 #新的景点，很像巴厘，大马超Chill的高级度假酒店——😍【The Datai Langkawi】
.
充满巴厘度假风的度假酒店，这里有 #独立的露天泳池，还有巨大的浴室和浴缸。而且度假村旁就是 #美丽的沙滩 啦～直接满足你晒日光浴的欲望啊！
.
😍小编觉得可以带另一半来个小小的蜜月体验！
.
【 The Datai Langkawi 】
📍地址：Jln Teluk Datai, 07000 Langkawi, Kedah
🚗走起：https://petalmaps.life/4c6t6u3d
.
✏️Credit: #小云小编
记得关注 #大马搵食Kaki #MyEatKaki 获取最新衣食住行咨询！
[感谢赞助商，要玩就要玩最安全的 @𝐄𝐂𝐋𝐁𝐄𝐓 ]",https://www.facebook.com/myeatkaki/posts/pfbid0245eF8DcntzuceYBTxaf4Cpmzg7RZHQ9Ug4yb4tMmoNhGQLkSL2weTkXtQzDqF9gol,Photo,58632,35,153,113,301,48,1944,374,2366
,"#好物kaki
在Shopee用RM1就可以买到日本牛奶沐浴露⁉️
泡澡必备🫧洗香香皮肤也滑滑🛀
.
RM1限时优惠🔥：即日起到7月24日‼️
👇👇点击链接购买：
🔗https://shope.ee/7pPLEOPaFU
.
✏️Credit By：#大码小编
记得关注 #大马搵食Kaki #MyEatKaki 获取最新衣食住行咨询！",https://www.facebook.com/myeatkaki/posts/pfbid035q6eHGsFvHooowg4i4Y64vCdhfVz2Z7nWhh1zAHybQBpCZxGQQHBQBiffoscZ1YYl,Photo,58443,7,410,35,452,806,1294,1089,3189
,"#揾食kaki
KL📍日式咖喱饭才RM12.90🍛
2⃣️0⃣️多种口味选择 买五送一❗
.
这是隐藏在【天下美食馆】茶室内的平价日式咖喱饭，还有爆浆车轮饼。他们的咖喱🍛饭可以选择炸鸡排、自制汉堡肉、鸡肉饺子等，加RM3.90还可以升级套餐，套餐有锅贴&日本温泉蛋🥚
.
他们的车轮饼有抹茶+红豆、咸蛋+芋泥、巧克力🍫+花生🥜、还有特别的玉米🌽+芝士🧀+火腿的组合。除了这些，还有别的章鱼烧🐙、饺子🥟、咖喱泡芙等小吃~
.
吃了日式咖喱饭后还可以买车轮饼回家吃，快去试试😍😍
.
【天下美食馆】
摊位：Jin Kare & Happiness Wheel Taiyaki 堇日式咖喱小铺 & 幸福車輪餅
⏰营业时间：11am - 9am（星期三休息）
📍地址：51, Jalan SL 1/3, Bandar Sungai Long, 43200 Kajang, Selangor
🚗走起：https://petalmaps.life/mr8evwkd
Facebook: https://www.facebook.com/jinkarehouse/
.
✏️Credit By：#蔡蔡小编
📷照片来源：Google Photo-@Chun Keong Goh，小红书-@猫味豆沙包
记得关注 #大马搵食Kaki #MyEatKaki 获取最新衣食住行咨询！",https://www.facebook.com/myeatkaki/posts/pfbid02asSrkF3VbesdGSsi1Mc3yXngCWDczawpMV41b24LNDZRQtTrYuhA9ez8soaqvwn2l,Photo,56643,14,87,53,154,13,2310,410,2733
,"【 Cocktails 鸡尾酒 】
📍 130, Jalan Cerdas, Taman Connaught, 56000 Kuala Lumpur, Wilayah Persekutuan Kuala Lumpur
🕕 6:30PM
.
记得关注 #大马搵食Kaki #MyEatKaki 获取最新衣食住行咨询！
[感谢赞助商，要玩就要玩最安全的 @𝐄𝐂𝐋𝐁𝐄𝐓 ]",https://www.facebook.com/reel/541747318044688/,FB reel,55065,135,804,228,1167,,,,
,"竹筒奶茶现身康乐! 听说有竹香味!
.
【 竹筒奶茶 】
📍 130, Jalan Cerdas, Taman Connaught, 56000 Kuala Lumpur, Wilayah Persekutuan Kuala Lumpur
🕕 6:30PM
.
🎤Host: Terrance
📷Videographer: 咩小编
🎬Editor: Terrance
.
记得关注 #大马搵食Kaki #MyEatKaki 获取最新衣食住行咨询！
[感谢赞助商，要玩就要玩最安全的 @𝐄𝐂𝐋𝐁𝐄𝐓 ]",https://www.facebook.com/reel/2518991501610244/,FB reel,54078,36,637,206,879,,,,
,"#美妆kaki
⚠新手必须知道的化妆刷用法
.
👧🏻精致的妆容离不开用对的工具
不同的 #化妆刷 对应 #不同的用法，你用对了吗❓❓
🛒Shopee: https://shope.ee/3fZvgtj9M8
.
✏️Credit: 长不大小编
记得关注 #大马搵食Kaki #MyEatKaki 获取最新衣食住行咨询！
[感谢赞助商，要玩就要玩最安全的 Eclbet ]",https://www.facebook.com/myeatkaki/posts/pfbid02E58Xp6wtGETH1vMrKeLdXNHggWxdkPFBnT2qF4QKMucufNp2MVPvM8EKhVsLdAhl,Photo,51314,1,90,259,350,16,2623,213,2852
,"#揾食kaki 
海边吃海鲜 色香味俱全
海鲜经常吃，但是海边吃海鲜你试过吗？
.
这家位于马六甲的【Ball Bearing Seafood Bay】真的很不错！
不仅环境干净舒服，还能听着海浪声享受美食还有夕阳陪你吃晚餐。
吃饱喝足还能到海边走走，消消食。
.
#手抓海鲜必尝！！
三种口味的酱汁混合一起煮海鲜，食材新鲜而且有多种海鲜（竹滩，花蟹🦀，虾🦐，青蚝，苏东🐙，玉米🌽，包菜花，西兰花）美中不足的是苏东是冷藏的
‼️偏辣，所以不能吃辣的宝子们要小心‼️
.
📍Ball Bearing Seafood Bay
Jalan Telok Gong, 78300 Masjid Tanah, Melaka
⏰营业时间5.00pm – 12.00am（星期三休息）
.
照片来源：取自网络&小红书@Someone You Loved🌼🌸 @Elaine小姐姐//如有冒犯请PM小编
✏️Credit: 长不大小编
记得关注 #大马搵食Kaki #MyEatKaki 获取最新衣食住行咨询！
[感谢赞助商，要玩就要玩最安全的 Eclbet]",https://www.facebook.com/myeatkaki/posts/pfbid02qDdP9omFcaJe4Mr7dztvLqFhX5oaepd6jU4m52bqd4ypEBTufNUve2EEmDKwYVdil,Photo,50426,14,105,78,197,,1997,346,2343
,"Setapak隐藏台日式餐馆 便宜+大碗！
.
Facebook：https://www.facebook.com/ kongxiangcanteen
Instagram：
.
【Kong Xiang Canteen 】
📍A-G-13, Plaza Prima Setapak,35,Jalan Prima Setapak, Setapak,53000 Kuala Lumpur
🕕 12.00pm – 9.00pm (Thursday Closed)
📱016-907 8211
.
记得关注 #大马搵食Kaki #MyEatKaki 获取最新衣食住行咨询！
[感谢赞助商，要玩就要玩最安全的 @𝐄𝐂𝐋𝐁𝐄𝐓 ]",https://www.facebook.com/reel/1019185302561018/,FB reel,49128,55,592,251,898,,,,
,"#戒指kaki
1️⃣0️⃣秒挑出适合手型的戒指💍
选对了才加分❗️女友肯定满意！
🛒Shopee: https://shope.ee/3AdVL01D0s
.
今天Shopee 7.7促销！全场高达50%折扣！想要偷偷给老婆/女朋友/妈妈👩买戒指但又 #不知道她们喜欢什么样 的kaki们看过来！戒指有很多种款式，同一个戒指戴在不同的手型上也会 #有不同效果🤨😥
.
🛒Shopee: https://shope.ee/8KLWfVTzm9
🛒Pandora 55%折扣：https://shope.ee/A9nAr3NNv3
🛒Masdora 50%折扣：https://shope.ee/40CXVzI41S
.
根据小编整理的6️⃣种手型，快看看你想送戒指的TA适合什么戒指💍，也可以tag你的老公/男朋友👨 #暗示他该买戒指啦~~
.
✏️Credit By：#蔡蔡小编 & #小云小编
📷照片来源：网站-@ 考拉海购、淘宝店铺、A Pratical Wedding
记得关注 #大马搵食Kaki #MyEatKaki 获取最新衣食住行咨询！
[感谢赞助商，要玩就要玩最安全的 @Eclbet   ]",https://www.facebook.com/myeatkaki/posts/pfbid0xJ3HmRKN24hgB7aYMeXrztGBfnoeHPMJktBcZfHpd7PZMbzzmNTR5Zrgjbj3Emftl,Photo,48907,4,48,62,114,5,4105,154,4264
,"#揾食kaki 
小明冰室📍 100种以上餐饮选择😍
提供全天套餐价✨大份又便宜🔥
.
整间店被Tiffany Blue颜色包围又超好认的【 小明冰室 Xiao Ming KopiTiam 】已经是在雪隆区超有人气的Kopitiam～ 虽然看起来像cafe一样精致华丽，但他们家的食物竟然可以 #这么便宜❓❗️
.
总共有多大100多种的美食和饮料可以选择🤩多以港式和本地料理为主❗️从点心小吃、面食、椰浆饭、大炒、等，另外还有 #素食 和 #儿童餐 可以选择‼️
.
不可错过✨他们的招牌 #火爆烧肉，再搭配干捞面/饭，吃到有够满足😋还有很南洋风味的 #海南鸡扒，外皮酥脆里面的肉又很嫩，真的会一口接一口停不下❗️另外每天 #手工制作的蛋挞 一定要叫上一份，外皮酥脆搭配超厚的内陷，咬下去整个就是爆香蛋奶味～  
.
最重要的是⚠️餐点 #提供全天套餐价，最便宜不到RM20🔥 
每个套餐都是搭配一个主食➕罗宋汤➕饮料！从早到晚都可以进店吃饱饱没烦恼😍
另外喜欢带爱狗爱猫🐶🐱一起吃饭的kaki，这家也是 #宠物友好餐厅‼️ 室内室外都可以一起入座哦！
.
【 小明冰室 Xiao Ming KopiTiam 】
➡️ PJ Jaya One
地址：31-LG1, Block C, Jaya One, Jalan Profesor Diraja Ungku Aziz, Seksyen 13, 46200 Petaling Jaya, Selangor.
Waze: https://waze.com/ul/hw2838z9s9
电话：03-7932 0724
营业时间：8am-12am
➡️ Bukit Tinggi, Klang
地址：B4-20-0, Lorong Batu Nilam 3e, Bandar Bukit Tinggi 1, 41200 Pelabuhan Klang, Selangor.
Waze: https://waze.com/ul/hw281h5zsm
电话：03-3319 8031
营业时间：10am~10pm（周一至周四）；9am~11pm（周五和周日&公共假期）
➡️ Bandar Parklands, Klang
地址：No. 39, Jalan Jed 3, Bandar Parklands, 41200 Klang, Selangor.
Waze: https://waze.com/ul/hw280uv1x9
电话：03-3318 5261
营业时间：9am~9pm
➡️ Gohtong Jaya
地址：54, Jalan Jati 1, Gohtong Jaya, 69000 Genting Highlands, Pahang.
Waze: https://waze.com/ul/hw2877ccut
电话：03-6100 0996
营业时间：8am-10pm
.
Facebook: https://www.facebook.com/xiaomingkopitiambukittinggi/
Instagram: https://www.instagram.com/xiaomingkopitiam/
.
✏️Credit: #大码小编
📷Photo: Xin Tong
记得关注 #大马搵食Kaki #MyEatKaki 获取最新衣食住行咨询！",https://www.facebook.com/myeatkaki/posts/pfbid02GVmtmqynQSTE36Sx8dWPHfZKJe6f1aDZFtwBpNVHfmxokFaA9VyDBWbh48yjZAU1l,Photo,47206,8,60,27,95,13,1948,458,2419
,"【 Blacktap 】
📍ground floor, 6, Jalan SS 15/4c, Ss 15, 47500 Subang Jaya, Selangor
🕕 11:30am–10pm （星期二至星期五）；11:30am–3:30pm & 5:30pm-11:30pm （周末）(星期一休息)
📱 018-779 2194
.
🎤Host: Terrance
📷Videographer: 大码小编
🎬Editor: Terrance
.
记得关注 #大马搵食Kaki #MyEatKaki 获取最新衣食住行咨询！
[感谢赞助商，要玩就要玩最安全的 @𝐄𝐂𝐋𝐁𝐄𝐓 ]",https://www.facebook.com/reel/175328072034322/,FB reel,46720,25,450,215,690,,,,
大城堡冬瓜盅火锅 营业至2AM!!,"#揾食kaki
大城堡冬瓜盅火锅
营业至2AM!!
.
 #半夜想吃养生火锅，🚗每次需要大老远到Puchong吃？？
小编发现 Sri Petaling 也有【老妈子养生冬瓜盅火锅】啦！！而且这家营业到半夜2AM🔥
.
一锅一盅冬瓜，汤底有 #胶原蛋白 & #养生冬瓜汤 可以选择😍 具有养颜帮助骨质疏松问题等的厉害功效🤝
.
另外他们家的✅火锅菜色选择多 ✅海鲜size超大又新鲜，不管是要单点/点套餐都可以！#新店特色 现在只需要用 #便宜价格，就可以享受到 #PREMIUM摆盘🤤 吃火锅一瞬间变ATAS mou～
1⃣️ “步步高升”套餐摆盘（1-2人份）
2⃣️ 猪牛羊精品肉片 🐷🐮🐑
3⃣️ 海鲜樽🦐🐟
.
#小编疯狂安利 必试吃 #超鲜甜大颗的生蚝🦪，其中可以搭配鱼子酱或鲑鱼籽！一口滑进喉咙的感觉，真的amazing✨生蚝新鲜到～～一点腥味都没有👍👍👍

如果你还觉得不满足，这里也有 #不同的小吃 和 #香炒螃蟹🦀，像黄金馒头、炸南瓜饼、越南炸豆腐、香辣土豆等等！
.
 #隐藏吃法 火锅吃到最后，里面的冬瓜已经煮到非常软嫩了，记得切冬瓜肉下来吃解腻✨
.
FB:https://www.facebook.com/LowmajiHotpot.sripetaling.official?mibextid=ZbWKwL
.
【老妈子养生冬瓜盅火锅 】
📍76,JALAN RADIN ANUM 1, BANDAR BARU SRI PETALING , 57000 KUALA LUMPUR 57000 马来西亚，吉隆坡
🕕4PM-2.00AM
📱010-3800355
.
记得关注 #大马搵食Kaki #MyEatKaki 获取最新衣食住行咨询！",https://www.facebook.com/myeatkaki/posts/pfbid0G7w7gXw2AQSf6EZK7FmxEDyYMWJc2Qg3Hf9au3svGEZSYVoCi7AxXNRJPSpWxiGDl,Video,45526,26,268,88,382,9,,1148,1692
,"#揾食kaki
Seremban📍首家韩式免烤肉店🥓
无需自己烤肉✨不怕有油烟味🔥
.
平时吃烤肉，衣服都被熏到臭臭，真的很烦😠💥好消息！！不需要亲手烤肉的 #正宗韩式烤肉店📍Won Korean BBQ 在Seremban开新分行啦！Menu推出的 #超值烤肉配套 人均竟然不到RM35？！
.
#超值烤肉配套 分别都有3种不同的肉可以选，像鸡肉🐔、猪肉🐷、牛肉🐮 可以根据你们的喜好，点选要的肉类～😍 每个超值烤肉SET，都会写好是几人份的配套，大家点餐的时候就更加方便了！
.
#无油烟烤肉 🥓肉质新鲜Q弹➕Abang专业烤肉手法，每块肉都被烤的刚刚好，又香又嫩～～✨ #自助小菜 超过10种韩式小菜都可以任拿，像餐桌必有的泡菜和腌辣萝卜一定要拿！跟烤肉搭配吃起来，又能转换新口味🤤
.
单吃烤肉很sienzz，对不对？？这时候当然少不了 #正宗韩式餐点，每道菜的 #分量都很大，老板真的很舍得给料🥺
✨泡菜汤
✨辣炒年糕
✨海鲜韭菜煎饼
✨冰爽冷面🍜 
.
平时喜欢和朋友聚会的kaki，这里的包厢房也蛮多间的😍 #全新体验免烤肉韩餐店 约上家人亲戚/好朋友一起吃烤肉咯！
.
FB:https://www.facebook.com/wonkoreanbbqs2
IG:https://www.instagram.com/wonkoreanbbqs2/
.
【Won Korean BBQ 】
📍No 220, Jalan S2 B10, Uptown Avenue, Seremban 2, 70300, Seremban, Negeri Sembilan
🕕10.30m-10.30pm.
📱06-603 7276
.
✏️Content Creator: #咩小编
📷Photo: Xin Tong
记得关注 #大马搵食Kaki #MyEatKaki 获取最新衣食住行咨询！",https://www.facebook.com/myeatkaki/posts/pfbid05vnAZVYxu8SfvGmN5n9ZfeKx7MzZ5JQEtFQLMt8xWW8aXSCzo43wqZ69FNeFGXUPl,Photo,45256,20,67,29,116,,1115,476,1591
,"#养生kaki
爱喝奶茶的你赶紧看过来❗❗
奶茶🧋虽然好喝，但不健康，还容易发胖❗❗
.
这里给大家推荐几款好喝的 #养身茶
不仅可以美白还能排毒，瘦身
🙅🏻‍♀️不要再喝奶茶了！！
.
上班族（尤其经常 #加班熬夜 的）和 #低头族 的也能喝噢！
⚠但不建议每天喝，一周一到两次就好。
⚠功效因人而异，若饮用后出现不适症状，必须立即停止。
.
✏️Credit: 长不大小编
记得关注 #大马搵食Kaki #MyEatKaki 获取最新衣食住行咨询！
[感谢赞助商，要玩就要玩最安全的 Eclbet  ]",https://www.facebook.com/myeatkaki/posts/pfbid02U9M9NK8XTfMyXLP8dXQ5naWk2XbyXttbAHYZkpruSGct81Dr3mQJpEkQr6uC8iXUl,Photo,44401,5,96,116,217,,2101,199,2300
,"#资讯kaki
简单5步骤搞定🤝
看看政府默默帮你收着多少钱？
.
最近手头紧的kaki！这里又有一个让你抠钱的地方啦～
赶快上国家会计局 #eGUMIS网站 查看自己到底有没有钱放在会计局忘了拿？https://egumis.anm.gov.my/
.
✏️Credit: #小云小编
记得关注 #大马搵食Kaki #MyEatKaki 获取最新衣食住行咨询！
[感谢赞助商，要玩就要玩最安全的 @𝐄𝐂𝐋𝐁𝐄𝐓 ]",https://www.facebook.com/myeatkaki/posts/pfbid0XnfrZhSbHZMwKZHDavGSDAPHtAk54s5rAsXavFmN6NJNrMsSxhfZV7DVjyjpg51Rl,Photo,43883,9,92,291,392,431,3629,807,4867
,"#揾食kaki 
7/80‘s都懂的老招牌炸鸡店🍗
#喜爱鸡 回来📍雪隆区啦🔥味道完全没变‼️
.
小时候想要吃个炸鸡，第一个想到的会是KFC?! 但是对于 #JOHOR人 来说，还有第二个选择就是去【喜爱鸡 Chicken Delight 】🤩 而且每逢生日过大节都一定会叫上一大盘的 #炸童子鸡，可说是7/80‘s都懂的回忆‼️
.
好消息🎉现在雪隆区📍的kaki想要回味【喜爱鸡 Chicken Delight 】不用再去Johor揾了，这次终于又回来啦！除了有很多经典的 #炸鸡套餐，还结合了很多多种 #南洋风味美食！让你一次过有多种好料可以吃，又可以顺便回味一下童年的味道😋
.
✅ #经典炸鸡：一大盘的套餐系列，除了有爆汁的炸鸡之外，还搭配自制的超纯马铃薯泥&清爽的Coleslaw
✅ #本地美食：可以吃到最经典的大马早餐系列 #椰浆饭 or #米暹 or #炒面！还可以选择搭配8种的配料，像是咖喱鸡、仁当鸡、Otak-otak等！
✅ 多种 #中餐大炒系列：不可错过超有WokHey的炒粿条！还有tomyum炒饭、Mamak Mee等道地口味
✅ #西式美食：另外还有不少意大利面甚至是比你的手掌还大的 #鸡扒类 都有的选！
✅ 选不完的 #饮料：不管是Kopi、Cham、Teh等的传统饮料，或是想来一杯清爽型的果汁、童年的 #浮冰，统统都有🔥
.
在这里用餐简直就是像是在挖宝一样， #处处都有惊喜🤩 甚至是小时候吃到的3色冰淇淋香蕉船，这里都可以吃到🤤 简直就是很适合带着爸妈来用餐，回忆小时候的快乐❤️
.
【 Chicken Delight Setia Alam 】
📍 20-1-1 Jalan Setia Prima B U13/B 40170 Shah Alam, Selangor, Malaysia
🕕 11am - 9:30pm
📱 03-3358 9938
.
Facebook: https://www.facebook.com/ChickenDelightSetiaAlam?mibextid=LQQJ4d
.
✏️Credit: #大码小编
📷Photo: Xin Tong
记得关注 #大马搵食Kaki #MyEatKaki 获取最新衣食住行咨询！",https://www.facebook.com/myeatkaki/posts/pfbid02x9Qq4Bo1F5D6HxS7FF24eDsYZa2Dz7XBzoXDPBftNkQZvHEEiCpuTquxf7iJRijal,Photo,42461,6,74,26,106,,1097,547,1644
,"【The Bomb Battle - Immersive video game + Paint Bombs】
📍Lot 07-96, Level 7, East wing, Berjaya Times Square, Shopping Mall, 1, Jln Imbi, Imbi, 55100 Kuala Lumpur, Wilayah Persekutuan Kuala Lumpur
🕕 10am-10pm
📱03-4819 2852
.
记得关注 #大马搵食Kaki #MyEatKaki 获取最新衣食住行咨询！
[感谢赞助商，要玩就要玩最安全的 @𝐄𝐂𝐋𝐁𝐄𝐓 ]",https://www.facebook.com/reel/249302011285994/,FB reel,41995,64,490,184,738,,,,
,"康乐夜市的东北烤冷面, 究竟好吃吗?!
.
【 康乐夜市· 东北烤冷面】
📍 130, Jalan Cerdas, Taman Connaught, 56000 Kuala Lumpur, Wilayah Persekutuan Kuala Lumpur
🕕 6:30PM
.
🎤Host: Terrance
📷Videographer: 咩小编
🎬Editor: Terrance
.
记得关注 #大马搵食Kaki #MyEatKaki 获取最新衣食住行咨询！
[感谢赞助商，要玩就要玩最安全的 @𝐄𝐂𝐋𝐁𝐄𝐓 ]",https://www.facebook.com/reel/227045436411804/,FB reel,41246,16,430,68,514,,,,
,"#揾食kaki
这个世界上原来是有真爱的！小编的是鸡蛋，你的最爱是什么呢？
.
✏️Credit: #小云小编
记得关注 #大马搵食Kaki #MyEatKaki 获取最新衣食住行咨询！",https://www.facebook.com/myeatkaki/posts/pfbid02fdK1iBWCf3KL67kL6GD6aM3fGLL4Sgywtqjk5P4TyAWaQc7JfkxbWfk6BieJHJBsl,Photo,37503,29,394,42,465,1,598,414,1013
,"KL📍首家被泰国点头认证✨
Thai Mookata🔥食材腌料超道地🇹🇭
.
已经在雪隆区有6家分店的超人气🔥【 Thai In Mookata 】原来是被大马唯一一家获得 #ThaiSelect 的 Mookata 餐厅‼️ 这么厉害的头衔，到底里面藏了什么好料🤩这家的泰式烧烤食材大部分都是从泰国进口，每一种腌料的口味甚至是酱料都很正宗道地～
.
泰式的Mookata就是能让你一边吃烤肉一边喝汤，而且他们的汤头可是用了猪骨熬煮很多小时‼️ 当然火锅料和烤料也相当的重要✨ 他们的食材非常的新鲜而且也下料十足❗️
✅ 必点 #招牌猪肉片（Signature Pork Slice）可说是几乎没有猪骚味因为是已经经过15层的process‼️ 下足功夫❗️
✅ 新品 #虾滑（Jub Jub Prawn Paste）可是使用了97%纯打的老虎虾，每一口都是虾肉呢🤤
✅ 新品 #蜂蜜猪柳（Honey Moo ）使用了蜂蜜➕特制酱汁➕大蒜来腌制，让你在吃烤肉当中能有甜而不腻的口感👍
这里有非常多的套餐搭配，可以依照人数去做选择哦❗️
.
除了吃的之外，就连喝的饮料也是厉害的角色👏 除了可以喝到冲泡试的巨无霸泰式奶茶之外，另外还有很fresh的饮品 #龙眼青柠水，立马帮你解腻❗️
不管是哪家分店，平日晚上和假日几乎都满座🔥所以想jio kaki一起来吃的话，建议提早来or电话预定会更好哦❤️
Careline : +6011 6060 6688
.
【 Thai In Mookata 】
𝐒𝐞𝐭𝐚𝐩𝐚𝐤 𝐎𝐮𝐭𝐥𝐞𝐭
☎️ Hotline: 03-4131 7128
Waze: https://waze.com/ul/hw2865p84u

𝐎𝐥𝐝 𝐊𝐥𝐚𝐧𝐠 𝐑𝐨𝐚𝐝 𝐎𝐮𝐭𝐥𝐞𝐭
☎️ Hotline: 03-7971 5581
Waze: https://waze.com/ul/hw2839emyz

𝐊𝐞𝐩𝐨𝐧𝐠 𝐎𝐮𝐭𝐥𝐞𝐭
☎️ Hotline: 03-6243 4600
Waze: https://waze.com/ul/hw2862c6d0

𝐒𝐮𝐛𝐚𝐧𝐠 𝐎𝐮𝐭𝐥𝐞𝐭
☎️ Hotline: 03-5613 0033
Waze: https://waze.com/ul/hw281ryt6f

𝐂𝐡𝐞𝐫𝐚𝐬 𝐓𝐫𝐚𝐝𝐞𝐫𝐬 𝐒𝐪𝐮𝐚𝐫𝐞 𝐎𝐮𝐭𝐥𝐞𝐭
☎️ Hotline: 03-9081 5305
Waze: https://waze.com/ul/hw28378qnc

𝐑𝐚𝐰𝐚𝐧𝐠 𝐎𝐮𝐭𝐥𝐞𝐭
☎️ Hotline: 03-6736 9003
Waze: https://waze.com/ul/hw284ys0kj
.
Facebook：https://www.facebook.com/ThaiInMookata
Instagram：https://www.instagram.com/thaiinmookata/?hl=en
Website：https://thaiin.my/
.
✏️Credit: #大码小编
📷Photo: Xin Tong
记得关注 #大马搵食Kaki #MyEatKaki 获取最新衣食住行咨询！",https://www.facebook.com/myeatkaki/posts/pfbid0w3CQsUYndrs5sJU5ZJQYtmvTUAcqh8cm72yBdHEBTUshXS5ktkD4UTcYUGoJR3scl,Photo,37233,2,67,25,94,8,989,157,1154
,"【Banngkok Street Food】
📍  Platinum Walk, 53100 Kuala Lumpur, Federal Territory of Kuala Lumpur
⏰ 3pm-12am （每天）
.
记得关注 #大马搵食Kaki #MyEatKaki 获取最新衣食住行咨询！
[感谢赞助商，要玩就要玩最安全的 @𝐄𝐂𝐋𝐁𝐄𝐓 ]",https://www.facebook.com/reel/261720156610873/,FB reel,36782,21,361,183,565,,,,
,"咬美式汉堡🍔
看KLCC美景
.
Facebook：https://www.facebook.com/Whiteburger.my/
Instagram：https://www.instagram.com/whiteburger.my/
.
【 Whiteburger 】
📍52, Jalan Hamzah, Kampung Baru, KL Malaysia
🕕11:00am - 9:30pm
📱013-361 9858
.
记得关注 #大马搵食Kaki #MyEatKaki 获取最新衣食住行咨询！
[感谢赞助商，要玩就要玩最安全的 @𝐄𝐂𝐋𝐁𝐄𝐓 ]",https://www.facebook.com/reel/299507415773264/,FB reel,36396,28,537,270,835,,,,
,"#揾食kaki 
日式创新Mix and Match组合
同时吃 1饭➕1面 只要RM20++
.
一个人进到日本餐厅每次都要很烦的选择 #吃拉面🍜 还是 #吃盖饭🍛 两份一起叫又好像很大份怕吃不完😩 诶？【 Tokyo Ramen Cafe 】这次玩大了⁉️ 只要RM20++ 就能满一次过足你 #吃面吃饭 的欲望‼️🤤
.
Mix and Match的SET组合，就是可以从menu上8⃣️种口味选1碗拉面&1碗盖饭！
这家的拉面🍜特色就是猪骨汤底是要熬煮48小时🔥然后再加上4⃣️种不同自己打的paste，来去做搭配‼️ 可以选择⚫️黑 - 黑蒜米、🔴红 - Spicy、⚪️白 - 猪油、🟢青 - 擂茶的口味，甚至你还可以随意互相搭配口味❗️让你在吃拉面上有很多新鲜的口感👍
.
另外还可以选4⃣️种不同特色的日式盖饭，✅瘦肉（Chasu）、✅三层肉（Yakibuta）、✅猪排、✅Curry Kaarage❗️全部给的肉料都很大份🔥尤其是瘦肉Chasu和三层肉Yaki Buta都是他们自己腌制的，超级入味又口入口即化😍
.
另外爱吃肉的你，还可以加点很多 #日式小吃、sushi、 烤串等多种选择🍣，选都选不完🤩
如果想要办小聚会，这里有可以容纳20人的VIP大房❗️空间超大又舒适，在这里吃饭聊天都很合适👍 喜欢尝试不同的日式口味，又想要同时品尝到到很多美食，就来这啦🔥 包你满意👏
.
【 Tokyo Ramen Cafe 】
📍11 ,2 Rio Xchange Persiaran RIO Bandar Puteri 47100 Puchong Selangor
🕕11.30-10pm
📱010-205 8743
.
Facebook: https://www.facebook.com/tokyoramencafe
Instagram：https://www.instagram.com/tokyoramencafe/?fbclid=IwAR01yad_2KvQ_6IM2sJrm1wkU6ejuihvHQ5Qz5HGI_KpVKbM4OOYZZYiZjE
.
✏️Credit: #大码小编
📷Photo: Xin Tong
记得关注 #大马搵食Kaki #MyEatKaki 获取最新衣食住行咨询！",https://www.facebook.com/myeatkaki/posts/pfbid08GRE1Cw3w44Py1WottvPuTrV8KBPRtrBiUkwNK6t6irmzJ8eybQRuvWXvhNoKcLcl,Photo,36250,8,65,25,98,3,840,198,1041
,"【Girl and Mommy Curry 】
📍33, Jalan Emas, Chan Sow Lin, 55200Kuala Lumpur, Wilayah Persekutuan Kuala Lumpur
🕕 7am-1pm
.
记得关注 #大马搵食Kaki #MyEatKaki 获取最新衣食住行咨询！
[感谢赞助商，要玩就要玩最安全的 @𝐄𝐂𝐋𝐁𝐄𝐓 ]",https://www.facebook.com/reel/814176153500675/,FB reel,35704,97,575,312,984,,,,
,"#揾食kaki
【沙巴📍 隐藏版网美Cheese蛋糕店！】🍰
不甜不腻，已卖出超过50K粒👍🏻
.
#甜点控 看过来！👀每次去沙巴都只会吃海鲜吗？小编这里发现了🔥沙巴一家颜值超高的蛋糕点‼️#沙巴首家芝士蛋糕专卖店——✨【Precious Bake】✨他们家主打 #精致足料的芝士蛋糕！🍰
.
这里简直就是 #芝士蛋糕天堂 😍，每个蛋糕都是真材实料，用料毫不吝啬，#每天现做现卖，每一口都很细腻软绵～
.
他们家的 #口味也非常多样，小编强烈推荐：
🍰Lotus Biscoff
🍰Mango🥭
🍰Blueberry🫐
🍰Lemon🍋
🍰Peppermint Choc🍫
🍰Strawberry🍓
.
小编推荐的多数是水果口味🍇，因为他们都是用新鲜水果，用料毫不吝啬！现在还 #推出全新口味：抹茶🍵， Oreo，红豆抹茶🫘和咖啡☕️。
.
Precious Bake Cheese Cake
✅ 新鲜烘培
✅ 甜而不腻
✅ 精致好看
✅ 材料premium
❌ 无添加防腐剂
.
#网络上有着5星好评⭐️⭐️⭐️⭐️⭐️，已卖出超过50K粒蛋糕！👍🏻如果有去沙巴，记得一定要到【Precious Bake】try 这款Premium Cheese Cake啦～
.
【 Precious Bake】
📍 ：7, Ground Floor, Lido Plaza, Kota Kinabalu, Malaysia
⏰：9AM-5PM
📲 http://www.wasap.my/+60108263065
.
✏️credit: #小云小编
记得关注 #大马搵食Kaki #MyEatKaki 获取最新衣食住行咨询！",https://www.facebook.com/myeatkaki/posts/pfbid02HggjtVaUNKZrvghxzakxpYNC5JXd3W2Dvwf6jFaRuRZhn57SnhHYvo5qMpNtdaZ8l,Photo,35414,15,81,21,117,5,832,194,1031
全世界跪谢你的 20种神奇勺子,"全世界跪谢你的
20种神奇勺子

.
【8种神奇勺子这里找👇👇👇】

吸管勺子：https://shope.ee/5AOZnZcry5

隔油勺子： https://shope.ee/20RErm7yGF

电子称重勺：https://shope.ee/40CcPTfgcz

麻辣烫漏勺：https://shope.ee/9KDpbKI2FA

打蛋器+水煮蛋夹子： https://shope.ee/2Akf4BmuTk

油格网漏勺：https://shope.ee/2Akf4Dhhbu

多功能米+面粉勺：https://shope.ee/8UeibvVAvM

水果造型刀：https://shope.ee/1foOTQ3BnP
.
🎤Host: #大码小编
📷Videographer: 取自网络
🎬Editor: Pyco
.
记得关注 #大马搵食Kaki #MyEatKaki 获取最新衣食住行咨询！
[感谢赞助商，要玩就要玩最安全的 @𝐄𝐂𝐋𝐁𝐄𝐓 ]",https://www.facebook.com/myeatkaki/posts/pfbid0HDGvGr3Cn3CmtJ28HSgnnNf2s9HcWGuFgVC1LPJ5F3qqLdXKNhP5kP4NkcGhph7Cl,Video,35303,14,221,93,328,193,,1705,2026
,"熬制了12小时的番茄汤?!
.
Facebook：https://www.facebook.com/RiceandPotEmpire
.
【RIce & Pot Empire 】
📍30G, jalan ss21/39, damansara utama, partaking Jaya, Malaysia
🕕 10AM - 9PM
📱 011-2354 9902
.
🎤Host: Terrance
📷Videographer: Xintong
🎬Editor: Terrance
.
记得关注 #大马搵食Kaki #MyEatKaki 获取最新衣食住行咨询！
[感谢赞助商，要玩就要玩最安全的 @𝐄𝐂𝐋𝐁𝐄𝐓 ]",https://www.facebook.com/reel/6483071168382913/,FB reel,34612,8,248,91,347,,,,
,"#揾食kaki 
PJ📍平靓正火锅➕烤肉吃到饱🔥
不到RM50‼️ 现优惠6人吃1人免费🤤
.
你身边是否有总是 #吃不饱的kaki？还是每次有不知道要选火锅还是烤肉的朋友🤔
不用烦啦～【 TLC BBQ & Cafe烤霸 】一次过能够满足你火锅➕烤肉的欲望，而且超适合一大批朋友，甚至是食欲很大的kaki来吃都没问题👌
.
成人1人不到RM50就能吃饱饱，而且提供的选择种类也超级多👇👇👇
✅店内共有80多种的串串任拿任吃❗️多种肉类选择，像是鸡🐔、羊、猪、牛
✅肉类腌料更是多达12种选择：黑椒、当归、麻辣、特色、蜜糖蒜香、五香、咖喱、姜蓉、酱油、仁当、香茅和娘惹😍
✅每桌都有360°自动旋转串串帮你烤，超方便👏
✅火锅部分的汤底共有5⃣️种选择：清汤、酸辣Tomyam🌶️、番茄🍅、麻辣🌶️和菌菇！重点是都不加价🤩
✅另外还附赠一大盘的火锅料➕肉片➕蔬菜盘，真的超划算的👍
.
Buffet的价格分为3种：成人RM49.80++ 🍲小孩RM24.90++ 🍲乐龄人士RM44.80++
吃不饱另外还可以加点Ala Carte或是想要升级套餐都没问题👌
另外还有多种饮料提供选择，甚至还可以做成1.5L的大壶饮料可以跟家人朋友一起share share喝🥤
.
🔥🔥🔥即日起更是有 #限时优惠：6人同行1人免单！ 
是不是该jio一大群来大吃特吃一轮啦😋 绝对让你饱到没朋友😂
.
【 TLC BBQ & Cafe烤霸 】
📍 No.98, 1, Jalan Dataran Cheras 5, Dataran Perniagaan Cheras, 43200 Balakong, Selangor
🕕12pm - 3pm （Lunch Buffet）；5pm - 12am（Dinner Buffet）
📱0127870313
📌分行： Puchong，Sri petaling ，Balakong ，SS2，Klang
.
Facebook: https://www.facebook.com/TLCBBQCafeBalakong?mibextid=LQQJ4d
Instagram: https://www.instagram.com/tlcbbqcafe/?igshid=OGQ5ZDc2ODk2ZA%3D%3D
.
✏️Credit: #大码小编
📷Photo: Jofia叮小编
记得关注 #大马搵食Kaki #MyEatKaki 获取最新衣食住行咨询！",https://www.facebook.com/myeatkaki/posts/pfbid02pnQBizRKAAWvhcmjCtYLef8zTev9rH45MaRVB7i4PD9xuN66mFf6XBM2CdCdEFzQl,Photo,33345,1,33,13,47,,593,152,745
Pudu KL烤鱼店🔥 开到凌晨5点‼️,"#揾食kaki 
Pudu KL烤鱼店🔥
开到凌晨5点‼️
.
什么🔥半夜还可以吃到 #海鲜大餐🦀️、 #烧烤、#日本餐、和牛、西餐、饭面类， 大炒🦐‼️
这件夜猫子confirm懂的【 M BBQ Puduport 】除了开到凌晨5am，他们家的食物这男的有够丰盛🤩
.
#招牌海鲜拼盘 是一定要点的东西❗️将大份就很够3-4人份一起share share来吃！
还给你一整大条的Siakap鱼🐟、再搭配sotong、老虎虾、扇贝等新鲜海鲜，汤底更是精华中的精华✨ 酸酸辣辣～真的很开胃🤤
.
除了海鲜之外，喜欢吃肉肉的kaki🥩，这里还提供了A5和牛和牛舌让你烤这吃‼️
最后还可以搭配多种甜点，甚至是 #韩式刨冰🍧 都做得出来❗️
宵夜罢了，竟然还有这么丰盛➕满足的supper😍 简直就是爱了爱了👍
.
【 M BBQ Puduport 】
📍地址：Lot 370, Jalan Pudu, 55100 Kuala Lumpur
🕕营业时间：17:00 - 05:00
📱联络号码：019-880 8080
Facebook: https://www.facebook.com/profile.php?id=100092347366252
.
✏️Content Creator： #大码小编
🎤Host： Xin Tong
📹 Videographer：Xin Tong
🎬Editor：Amy
记得关注 #大马搵食Kaki #MyEatKaki 获取最新衣食住行咨询！",https://www.facebook.com/myeatkaki/posts/pfbid0c3vUfmoSxJBeP7DeVdTPBPsTKur9p8LoBD7Gprinbonehs2Pm6wVRafrxqZQoBfql,Video,33326,34,189,163,386,1,,1301,1488
,"测评MCD新品 “韩”堡 绿茶巧克力冰淇淋
.
【 Mcdonald’s 】
📍Bandar Mahkota Cheras, Batu 9, 43200 Cheras, Selangor, Malaysia
🕕  6:30AM - 1:30AM
📱 +60 3-9010 9849
.
记得关注 #大马搵食Kaki #MyEatKaki 获取最新衣食住行咨询！
[感谢赞助商，要玩就要玩最安全的 @𝐄𝐂𝐋𝐁𝐄𝐓 ]",https://www.facebook.com/reel/809331670807685/,FB reel,32032,19,304,59,382,,,,
,"#资讯kaki 
原来IC弄丢了会被罚这么多钱？！😱
IC真的千万千万不能随意乱放，否则罚钱事小，身份证被盗用就真的完了！😰
.
✏️Credit: 长不大小编
记得关注 #大马搵食Kaki #MyEatKaki 获取最新衣食住行咨询！
[感谢赞助商，要玩就要玩最安全的 Eclbet ]",https://www.facebook.com/myeatkaki/posts/pfbid02M7zewbcGUzQUWMQiaFcyQ9V3bkNeG2y3msfG2UeUYFasi8PwVCeNYrBF7eorKgWjl,Photo,30932,2,76,102,180,,4410,404,4814
,"【 舌尖龙须糖】
📍 130, Jalan Cerdas, Taman Connaught, 56000 Kuala Lumpur, Wilayah Persekutuan Kuala Lumpur
🕕 6:30PM
📱 016-6253854 (Delivery Order)
.
记得关注 #大马搵食Kaki #MyEatKaki 获取最新衣食住行咨询！
[感谢赞助商，要玩就要玩最安全的 @𝐄𝐂𝐋𝐁𝐄𝐓 ]",https://www.facebook.com/reel/634178402111720/,FB reel,30822,14,471,69,554,,,,
,"【 Timeoff Taipan】
📍29, Jalan USJ 10/1e, Taipan Business Centre, 47620 Subang Jaya, Selangor
🕕 12:00PM - 10:30PM
📱 03-8021 6663
.
🎤Host: Terrance
📷Videographer: 大码小编
🎬Editor: Terrance
.
记得关注 #大马搵食Kaki #MyEatKaki 获取最新衣食住行咨询！
[感谢赞助商，要玩就要玩最安全的 @𝐄𝐂𝐋𝐁𝐄𝐓 ]",https://www.facebook.com/reel/1447971489359636/,FB reel,30094,20,302,127,449,,,,
,"#资讯kaki 
简单几个步骤就能知道你的账号有没有被hack
赶快检查一下，避免信息泄露啊‼️
.
✏️Credit: 长不大小编
记得关注 #大马搵食Kaki #MyEatKaki 获取最新衣食住行咨询！
[感谢赞助商，要玩就要玩最安全的 Eclbet ]",https://www.facebook.com/myeatkaki/posts/pfbid02eTAWGxBwCFYJg3bXTTwx5sKrF4Gn7NJb7qkvH3eyYfanoeW4qq5gf6RnfGmqYtdil,Photo,29997,1,65,155,221,,1772,186,1958
,"【 Restaurant Nasi Kandar Kok Siong 】
📍45, Jalan Bandar 16, Pusat Bandar Puchong, 47100 Puchong, Selangor
🕕 10 am–3:15 pm (星期一到三)，10 am–6 pm（星期四到日）
📱019-285 3338
.
记得关注 #大马搵食Kaki #MyEatKaki 获取最新衣食住行咨询！
[感谢赞助商，要玩就要玩最安全的 @𝐄𝐂𝐋𝐁𝐄𝐓 ]",https://www.facebook.com/reel/1419848562188478/,FB reel,28806,20,336,101,457,,,,
Seremban📍韩式烤肉 店员直接帮你烤🥓,"#揾食kaki
Seremban📍韩式烤肉
店员直接帮你烤🥓
室内完全无油烟味！
.
平时吃烤肉，衣服都被熏到臭臭，真的很烦😠💥好消息！！不需要亲手烤肉的 #正宗韩式烤肉店📍Won Korean BBQ 在Seremban开新分行啦！Menu推出的 #超值烤肉配套🥓 人均竟然不到RM35？！
.
#超值烤肉配套 分别都有3种不同的肉可以选，像鸡肉🐔、猪肉🐷、牛肉🐮 可以根据你们的喜好，点选要的肉类～😍 每个超值烤肉SET，都会写好是几人份的配套，大家点餐的时候就更加方便了！
.
#无油烟烤肉 肉质新鲜Q弹➕Abang专业烤肉手法，每块肉都被烤的刚刚好，又香又嫩～～✨ #自助小菜 这里有超过10种韩式小菜都可以任拿，像餐桌必有的泡菜和腌辣萝卜一定要拿！跟烤肉搭配吃起来，又能转换新口味🤤
.
单吃烤肉很sienzz，对不对？？
这时候当然少不了 #正宗韩式餐点，像泡菜汤、辣炒年糕、海鲜韭菜煎饼、冰爽冷面🍜 每道菜的 #分量都很大，老板真的很舍得给料🥺
.
平时喜欢和朋友聚会的kaki，这里的包厢房也蛮多间的😍 又有新地点可以约上家人亲戚/好朋友一起吃烤肉咯！
.
FB:https://www.facebook.com/wonkoreanbbqs2
IG:https://www.instagram.com/wonkoreanbbqs2/
.
【Won Korean BBQ 】
📍No 220, Jalan S2 B10, Uptown Avenue, Seremban 2, 70300, Seremban, Negeri Sembilan
🕕10.30m-10.30pm.
📱06-603 7276
.
记得关注 #大马搵食Kaki #MyEatKaki 获取最新衣食住行咨询！",https://www.facebook.com/myeatkaki/posts/pfbid0TkXMqBHns7iP6BhP5CNVP3j9mWDWbNr9jYdue1iDQUrpBKNL23SVijLsZkwsD23el,Video,23519,57,161,73,291,43,,1510,2358
,"【 Shimokita Space】
📍94, Jalan SS 15/4b, Ss 15, 47500 Subang Jaya, Selangor
🕕 3pm-11pm (星期一休息)
.
🎤Host: Terrance
📷Videographer: 大码小编
🎬Editor: Terrance
.
记得关注 #大马搵食Kaki #MyEatKaki 获取最新衣食住行咨询！
[感谢赞助商，要玩就要玩最安全的 @𝐄𝐂𝐋𝐁𝐄𝐓 ]",https://www.facebook.com/reel/1463793844418554/,FB reel,23434,8,182,38,228,,,,
,"#旅游kaki
🎫免费送3张来回机票！
📆7月28日-30日｜📍Mid Valley Megamall Exhibition hall
带你去菲律宾马尼拉& 宿务省
.
📢📢📢2023年【MITM FAIR】又来啦～
想出国又想省钱，分享这个post就对啦‼️好消息！菲律宾旅游局（ Philippine Tourism Malaysia ）要送大家3️⃣张来回机票噢～ #免费参与！
.
┏━━━━━━━━━━━┓
赢取 #菲律宾来回机票 步骤🎁
┗━━━━━━━━━━━┛
1️⃣ 𝐋𝐢𝐤𝐞 & 𝐅𝐨𝐥𝐥𝐨𝐰 ：FB https://www.facebook.com/PhilippineTourismMalaysia
 & @myeatkaki
2️⃣ 𝐋𝐢𝐤𝐞 & 𝐒𝐡𝐚𝐫𝐞：  #公开分享 这贴文
3️⃣ 𝐂𝐨𝐦𝐦𝐞𝐧𝐭 𝐓𝐚𝐠： 2位朋友
📆 Giveaway 开放至: 2023年7月30日 (星期日  11PM)
📅 3位幸运儿 公布日期: 2023年8月3日（星期四）
🎁 获奖者将会透过email得到免费来回机票‼️
.
#超大型旅游✨【MITM FAIR】✨展开跑啦！📆7月28日至30日 #MITM FAIR旅游展 重磅回归，各种超值旅游配套等着你❗️来一个地方，就可以逛完各个国家的 #最新旅游配套，包括菲律宾、日本、韩国、台湾和泰国等。现场可以货比三家，买到 #最经济实惠的配套，太方便了！
.
亲自来到MITM FAIR，还可以趁这个机会来了解更多关于 #菲律宾旅游 的资讯！✌🏻
如果你也喜欢碧蓝海水🌊、蔚蓝天空，那菲律宾绝对是 #旅游清单 之一 ！
【菲律宾来回机票】包括：
✅马尼拉 Manila x2 ( Cebu Pacific Air  )
✅宿雾 Cebu x1 ( Philippine Airlines )
.
📢更多好玩好吃的景点，大家可以到MITM FAIR找Philippine Tourism Malaysia的摊位询问吧！赶快tag你的朋友jio他们一起来吧！
.
【 MITM FAIR 】
📍地点： MITM , Mid Valley Megamall Exhibition hall
< Philippines Tourism Malaysia >
🇵🇭 B060 - B065
📅 7月28日-30日
⏰ 10am-9pm
🌎 Facebook: https://www.facebook.com/PhilippineTourismMalaysia
.
✏️Credit: #小云小编
记得关注 #大马搵食Kaki #MyEatKaki 获取最新衣食住行咨询!",https://www.facebook.com/myeatkaki/posts/pfbid0g1vFRMdiGGYf51jUETMBgfWwWfymmcGabsnreHKbEp2o2pSfDEPKMBKw9tTqMUDbl,Photo,23174,237,246,200,683,,308,305,613
,"#资讯kaki
国家文化差异 每个手势👌🏻在不同国家都有不同的含义噢！
🈲去到国外的你一定一定一定要记得这些手势不能乱用哦！🙅🏻‍♀️
.
✏️Credit: 长不大小编
记得关注 #大马搵食Kaki #MyEatKaki 获取最新衣食住行咨询！
[感谢赞助商，要玩就要玩最安全的 Eclbet ]",https://www.facebook.com/myeatkaki/posts/pfbid04HmQ5wHwNyKzJdj2JvBTpjVLJqwKFGiWNBwuD48rXh5n3xGJuB6x8pS1yWkd1xLwl,Photo,21092,2,30,27,59,,1653,133,1786
,"#驾车kaki 
⚠️驾车人士注意啦！
红灯不能玩手机📱，支架上的手机也不能玩❗❗
.
不管是驾驶中还是等红灯的间隙都不能🚫玩手机📱，不管手机有没有放在支架上❗❗
否则将面临罚款或被控上法庭😰
.
不管怎样驾车玩手机都是很危险的事情，所以小编在这里🔈呼吁大家，为了自己还有大家的安全，千万千万要改掉这个坏习惯❗❗
.
✏️Credit：长不大小编
记得关注 #大马搵食Kaki #MyEatKaki 获取最新衣食住行咨询！
[感谢赞助商，要玩就要玩最安全的 Eclbet]",https://www.facebook.com/myeatkaki/posts/pfbid0Afsyr1jFTpjfoMhnePgzoUy19NngvyGR15jvar7VnobFmBtDSGh6oGs5h5SfXy86l,Photo,20916,5,52,54,111,,1452,179,1627
,"#好康kaki
少女心🍓 粉色蚊香！
草莓味不会刺鼻～
.
有没有人跟小编一样，超讨厌蚊香的味道呢？可是有的时候晚上蚊子太多，没办法只能点着睡觉，导致影响睡眠～
.
现在小编要跟你们推荐这款 #草莓味蚊香，🍓一点燃整个空气都是甜甜的草莓味，不会刺鼻！
✅ 草莓味蚊香：
🛒Shopee:https://shope.ee/LJgV77Qx7
.
✏️credit: #小云小编
记得关注 #大马搵食Kaki #MyEatKaki 获取最新衣食住行咨询！",https://www.facebook.com/myeatkaki/posts/pfbid0iHQcKNLN215iRD1vwqLcyWekFu8QuyTreEQ3fqmHtQWvJm68kiGt4EvpK88AM1Gxl,Photo,18063,3,16,6,25,25,176,28,229
,"#饮酒kaki
沉浸式体验喝「苏格兰醇酿酒」🥃
边喝边玩❗️经典威士忌等你免费拿🔥
.
苏格兰（Scotland）可是 #酿造Whisky 的重要产地❗️相信爱喝Whisky的kaki来说【The Glenlivet 】这个苏格兰老字号品牌，大家肯定都懂吧🤩主要以单一麦芽（Single Malt）的苏格兰威士忌已是全球市场知名的酒品之一‼️
.
典型的波本桶风格再加上柔和滑顺的水果香气就是【The Glenlivet 】威士忌的最佳特征！现在更以致敬第一张合法酿酒执照， #限量上市 全新「黑市圣水二代」 <The Glenlivet 12 Year Old Licensed Dram> 🔥 特别在于采用了初次波本桶和初次欧洲橡木桶，进阶诠释【The Glenlivet 】经典花果香。
.
偷偷告诉你，这么珍贵的限量款！现在你就有机会品尝得到🤤 只要来到📍The Five就有机会来场Bothy #沉浸式体验活动😍
✅ 在场提供不同的 #whisky品尝体验，例如搭配菜单、甚至不要错过 #独家特调鸡尾酒胶囊🍹 
✅ 可以通过参加不同的活动来 #收集印章，集满就有机会可以兑换到特别礼物🎁，其中还包括一瓶The Glenlivet 12 Year Old！
可以喝可以玩又可以拿礼物，绝对值得带着你的kaki一起开启你的Whisky品酒之旅👍
.
┏━━━━━━━━━━━━━━━━━━━━━━━━━━┓
【 <The Glenlivet> Bothy沉浸式体验活动 🥃】
📅活动日期：2023年7月29日-8月6日
📍活动地点：Block E，Level 2，The Five, Damansara Heights
🔗预定体验时段：https://diineout.com/theglenlivet/ （免费注册）
┗━━━━━━━━━━━━━━━━━━━━━━━━━━┛
.
另外只要到以下的这些link购买东西，随时都会有 #好礼惊喜✨等你来拿：
1⃣️ 只要透过以下的Shopee Link购买门票，就可以品尝到3种【The Glenlivet 】的威士忌（The Glenlivet 12 Year Old、The Glenlivet 12 Year Old Licensed Dram以及 The Glenlivet Cocktail Capsule）
🛒 https://shopee.com.my/product/143550725/19582061304/
2⃣️ 凡事在以下的任何商店购买任何一瓶【The Glenlivet 】的威士忌，都可以在你的酒瓶标签享有客制化的设计哟！
🛒 https://shopee.com.my/pernodricard.os
🛒 https://diineout.com/
🛒 https://qrafoods.com/
.
✏️Credit By：#大码小编
记得关注 #大马搵食Kaki #MyEatKaki 获取最新衣食住行情报！",https://www.facebook.com/myeatkaki/posts/pfbid0cMPwvCZPVcDk9SSMwZAW3MGobYLuFWex8hGg6sTed8U6t41MMJ3pdvDET9P274sbl,Photo,18046,0,19,8,27,33,275,42,350
,"#揾食kaki 
Ipoh📍首家大马风味木桶鲜🍲
鱼➕羊一起煮竟是人间美味🤤
.
怎么吃出「 #鲜」的口感，字样已经给出了答案💥原来「鱼➕羊🟰鲜」就是关键所在❗️
怡保📍这家【 霸罗木桶鲜 】可是首家以大马风味的食材去做出不同的菜色😋火爆一时的 #木桶料理，特别处就在于使用了木桶➕火山鹅卵石去熬煮食材，竟然有 #养身功效❓原来火山鹅卵石中含有人体所需的丰富矿物质，而香杉木制造的木桶又有消除人体疲劳、舒缓压力功效！
.
这么养身的料理，当然也要配相对的食材🔥 不可错过的店内「 #招牌鲜✨ 」就是结合了石斑鱼➕羊肉➕羊肉丸，一起放进纯手工制作的高山多雾区的香杉木桶，以400度的高温黑暖火山鹅卵石，再搭配师傅 #秘方熬煮的高汤 一起滚煮，喝到的每一口都是有够鲜甜又舒服🤩 只需烫2分钟的鱼肉 & 刷4-5分钟的羊肉，绝对给你一个“嫩”字❗️
.
最有特色的还有一道必点的「 #香辣金瓜汤🍲 」带点微微辣辣口感，再刷上肉片和蔬菜拼盘，就变成了火锅大餐啦😍 另外必吃的满满猪油香又很够火气的「 #炒粥🥣 」！还有使用了5种海鲜，再配上微酸微辣酱料的「 #五鲜泰柠🌶 」简直让人停不下嘴，一口接一口😋 这里还有多种特色佳肴让你尽情和家人朋友边吃木桶鲜边搭配配菜一起下饭🍚
.
在这里吃饭，绝不用担心吃不饱！除了食材下料十足，分量大盘之外，另外还有多种火锅料&蔬菜盘可以配来吃❗️很适合带着一大批家人/朋友一起来用餐👍
所以不要在说来怡保📍不知道要吃什么了，赶快来尝尝大马风味的人间美味吧✨
.
【 霸罗木桶鲜 - Barrel Restaurant 】
📍34 & 36 Lapangan Perdana 10 Panorama Lapangan Perdana, Ipoh, Malaysia
🕕12:30pm to 10:00pm
📱012-683 1088
.
🔗Facebook 链接 : https://www.facebook.com/profile.php?id=100087748440388
🔗Instagram 链接 : https://instagram.com/emsb12122022?igshid=ZDdkNTZiNTM=
🔗TikTok 链接 : http://tiktok.com/@emsbq
📕 小红书 : 9650619467
.
✏️Credit: #大码小编
📷Photo: Xin Tong
记得关注 #大马搵食Kaki #MyEatKaki 获取最新衣食住行咨询！",https://www.facebook.com/myeatkaki/posts/pfbid0266H9xfg6Q2LtkCvSNdFBCyr9od4B3uTga2Vp8W2qujinsrw1cAB7xT1wvLbkyfHLl,Photo,16366,8,58,26,92,,561,100,664
,"#好物kaki
澳洲必买的膏药，你知道吗？
我愿称它为万能膏药！😍
.
外表普通的它却有大大的用处！
🤔你不会还在只把他当润唇膏使用吧❓
.
🔗Shopee ：https://shope.ee/8pI3UqKAoS
✏️Credit: 长不大小编
记得关注 #大马搵食Kaki #MyEatKaki 获取最新衣食住行咨询！
[感谢赞助商，要玩就要玩最安全的 Eclbet]",https://www.facebook.com/myeatkaki/posts/pfbid02AnDJaYc1shBAMgrqxHC3NLSMwCnw4LcTecgttaKV5L3K4B9L1aQFNGMZfXxvbD8Dl,Photo,9918,4,35,28,67,33,599,59,691
,"#结婚kaki
一生一次婚礼，不花冤枉钱🤩
💍Mid Valley Wedding Fair 8月4 -6日
还送你总值RM50,000礼品🔥
.
女生梦幻的婚礼，一生只有一次‼️ 想要留念，跟你的爱人来几组不同风格的婚拍，但却有budget不能砸大钱出国拍大景❓ 别急 #准新郎新娘👋 这里有一系列 #包你满意 的婚纱照配套，只要来一个地方，就有好几组方案任你挑选，现场还有专业给你建议，让你用 #最省的方式 给你最有回忆的婚纱照😍
.
3天超值的优惠配套，你一定要到【Mid Valley Wedding Fair 】现场瞧瞧‼️
✅ 现场Special优惠配套✨
✅ 总值RN50K礼品 等你领取🎁
✅ 底片全归还 📸 全部照片一次过带回家慢慢看👀
✅ 婚纱礼服全开放 ，任意试穿不同风格婚纱👰‍♂️
✅ 客制化的配套，让你随意搭配任何喜欢的方案❤️
✅ 现场购买婚纱拍套，立马 #折扣高达RM2000🔥
.
记下日期 📅8月4日-6日，来到【Mid Valley Wedding Fair 】不止帮你settle好 #备婚流程，凡购买就有机会赢取 #价值RM50K礼品🎁 + #折扣高达RM2000🔥
.
从传统中式礼服、到纯白浪漫的白纱、还有性感奢侈风的晚礼服，都可以帮新娘准备好，安心美美的出嫁，就行啦😍 筹备婚礼其实也没有想象中那么烦杂，一站式的【Mid Valley Wedding Fair 】可以让 #准新郎新娘 随时get ready准备结婚咯！
.
【Mid Valley Wedding Fair】
📅 2023年8月4至6日 
⏰ 10am - 10pm
📍Mid Valley Expo (Exhibition Centre, Hall 2, Booth No K9)
.
Credit By：#大码小编
记得关注 #大马搵食Kaki #MyEatKaki 获取最新衣食住行咨询！",https://www.facebook.com/myeatkaki/posts/pfbid0ES5fFi3rWEPxt6zSZASHMTtDBqyY1eK4CjWwkRV5Qv3XzqR1jMsZ9oHjNQQX4sbul,Photo,9898,1,66,5,72,26,60,26,111
日本空运新鲜生蚝 连日本人都讲好吃！,"#日本餐kaki
日本空运新鲜生蚝
连日本人都讲好吃！
.
要吃生蚝就要吃新鲜从日本空运过来的🇯🇵就连日本人都说好吃！😍 
·
📣💥#GIVEAWAY ～
老板看我们吃到很开心😂竟然讲要送出2⃣️0⃣️份RM20的 #优惠券 给大马揾食Kaki的粉丝！只需要like and share这个影片➕like Han‘ei Kaya的Facebook就可以得到了！🔥 ***【10份在Facebook, 10份在Instagram】
截止日期: 12/7/2023
·
另外他们还推出了好多新菜色🤤 喜欢吃 #刺生 的一定要点Sashimi Mori 5！全部都好新鲜，特别是扇贝啊真的好大颗🤩 Kanpachi #盐焗鱼头 和 Beef Hamiyaki Rice #嫩烤牛肉 温泉蛋饭都是直接拿去烧的🥩肉质很鲜嫩，没有overcook！Wanmono就是不同口味的 #日式蒸蛋 ～🥚
·
Gyu Katsu就是 #炸牛肉 配上厨师特制芥末酱，可以选择自己要的熟度🥢Flaming Dragon🍣寿司里面有tempura➕unagi➕ebiko➕牛油果🥑分量蛮大的！特别的还有Engawa 🐟是Halibut鱼fin上的muscle✨喜欢吃拉面的可以点Tonkatsu Ramen套餐啦！🍜
·
平日来吃都有【15%折扣】在指定的菜色：
星期一👉🏻Chef Special Salad
星期二👉🏻Sushi Day
星期三👉🏻Sashimi Day
星期四👉🏻Kushiyaki Day
星期五👉🏻Nabe Hot Pot
·
座位有分成3种: 室外(可以带宠物🐈‍⬛)，室内和楼上的包厢房🍶这里也有日本的premium draft beer🍺 幸运的话周五/周末还可以order到超大的siham😂 快点参加我们的Giveaway赢voucher去吃日式居酒屋咯！
·
FB: https://www.facebook.com/HaneiKaya/ 
IG: https://www.instagram.com/haneikaya/ 
Website:https://www.haneikaya.com  
小红书: https://www.xiaohongshu.com/user/profile/634ed74d0000000012026ef4?xhsshare=CopyLink&appuid=634ed74d0000000012026ef4&apptime=1676352806
·
【Han’ei Kaya】
📍G-7, Plaza Arkadia, No 3, Perdana, Jalan Intisari, Desa Parkcity, Kuala Lumpur, Malaysia
🕕Sunday-Wednesday 12pm-11pm；Thursday - Saturday 12pm-12am
📱03-9779 8635 / 6010-969 0333
·
🎤 Content Creator: Xin Tong
📷 Videographer: Xin Tong/薄荷小编
🎬 Editor: Xin Tong
记得关注 #大马搵食Kaki #MyEatKaki 获取最新衣食住行咨询！   
[感谢赞助商，要玩就要玩最安全的 \@𝐄𝐂𝐋𝐁𝐄𝐓 ]",https://www.facebook.com/myeatkaki/posts/pfbid031vACp8Xamb4bupxCoCPJR58YN9QHndsYRtqaUniJ2N36o46xiPJE1BVgKApLee3pl,Video,9200,7,47,23,77,4,,366,400